event,train_step,train_loss,learning_rate,gradient_norm,step_time_seconds,tokens_per_second,tokens_seen,elapsed_hours,estimated_training_cost,validation_loss,hellaswag_accuracy,hellaswag_correct,hellaswag_total,sample_prompt,generated_continuation
train,13140,3.078108549118042,0.00018765308957450344,0.2841571569442749,1.7477533939818386,299978.2473919476,6889144320,6.4850670079777775,,,,,,,
train,13150,3.086390256881714,0.00018726067898938335,0.25950440764427185,1.7551345800166018,298716.69441726845,6894387200,6.490036275264445,,,,,,,
train,13160,3.0320026874542236,0.00018686868641990678,0.2822202742099762,2.8070850880176295,186773.1057522925,6899630080,6.495190849085832,,,,,,,
train,13170,3.194369316101074,0.00018647711301403373,0.2564590275287628,1.7472465769969858,300065.2609095965,6904872960,6.500046622200551,,,,,,,
train,13180,3.1128175258636475,0.00018608595991849677,0.26207879185676575,1.753772347990889,298948.7207964142,6910115840,6.5049056932591665,,,,,,,
train,13190,3.1327123641967773,0.0001856952282787975,0.2461618036031723,1.7525960939819925,299149.3600837541,6915358720,6.509773891610829,,,,,,,
train,13200,3.0485024452209473,0.0001853049192392029,0.279099702835083,1.7502590130025055,299548.8074079979,6920601600,6.514638218381669,,,,,,,
train,13210,3.161290407180786,0.00018491503394274297,0.2936807870864868,1.7511521609849297,299396.0271876751,6925844480,6.519502256634442,,,,,,,
train,13220,3.111721992492676,0.00018452557353120639,0.28260788321495056,1.7496027179877274,299661.1714246763,6931087360,6.524359727702775,,,,,,,
train,13230,3.1129095554351807,0.00018413653914513774,0.27993226051330566,1.7471797369944397,300076.7401881038,6936330240,6.529219779985554,,,,,,,
train,13240,3.092769145965576,0.00018374793192383357,0.28158700466156006,1.7496190069941804,299658.38157000765,6941573120,6.534080412757224,,,,,,,
train,13250,3.1500957012176514,0.00018335975300534007,0.26026269793510437,1.75167826199322,299306.10625002393,6946816000,6.538943632434166,,,,,,,
validation,13250,,,,,,,,,3.0852222442626953,,,,,
train,13260,3.1134302616119385,0.00018297200352644871,0.29096341133117676,1.7505959490081295,299491.1534538032,6952058880,6.544123954874441,,,,,,,
train,13270,3.0227041244506836,0.00018258468462269354,0.2745734453201294,1.749499547004234,299678.842956986,6957301760,6.548989022217501,,,,,,,
train,13280,3.0726897716522217,0.0001821977974283475,0.2649913430213928,1.743293336010538,300745.71454498504,6962544640,6.55384391727694,,,,,,,
train,13290,3.165111780166626,0.00018181134307641936,0.2673124372959137,1.7459183710161597,300293.5353127958,6967787520,6.558696767986387,,,,,,,
train,13300,3.1170854568481445,0.00018142532269865028,0.2507546842098236,1.7453664889908396,300388.48763685167,6973030400,6.563546671001111,,,,,,,
train,13310,3.0920815467834473,0.00018103973742551055,0.24800121784210205,1.7437777949962765,300662.1609154735,6978273280,6.568399864621387,,,,,,,
train,13320,3.130739450454712,0.00018065458838619614,0.3148707449436188,1.7446060619840864,300519.41892471904,6983516160,6.573251292724995,,,,,,,
train,13330,3.117002487182617,0.0001802698767086256,0.24833646416664124,1.7468938830133993,300125.84341734654,6988759040,6.578115396829445,,,,,,,
train,13340,3.0702033042907715,0.00017988560351943673,0.2824587821960449,1.7449178429960739,300465.72227136063,6994001920,6.582968870434439,,,,,,,
train,13350,3.1190829277038574,0.00017950176994398293,0.27297288179397583,1.745809852000093,300312.20146876114,6999244800,6.587817000016391,,,,,,,
train,13360,3.1195037364959717,0.00017911837710633043,0.25778526067733765,1.7400366270157974,301308.5999799705,7004487680,6.592793012343609,,,,,,,
train,13370,3.0711703300476074,0.00017873542612925467,0.26375868916511536,1.7468789030099288,300128.41708525695,7009730560,6.597646472319999,,,,,,,
train,13380,3.137284994125366,0.0001783529181342371,0.27472051978111267,1.7469965239870362,300108.2101774637,7014973440,6.602501771801941,,,,,,,
train,13390,3.103250741958618,0.00017797085424146183,0.2767915427684784,1.747167702007573,300078.80720183294,7020216320,6.607359335549166,,,,,,,
train,13400,3.1010208129882812,0.00017758923556981251,0.2540847361087799,1.7488437790016178,299791.21422686835,7025459200,6.612217564513889,,,,,,,
train,13410,3.110028028488159,0.00017720806323686883,0.2681954503059387,1.747175379015971,300077.4886693315,7030702080,6.617074451700278,,,,,,,
train,13420,3.0803403854370117,0.00017682733835890346,0.2604922354221344,1.750556274986593,299497.94102107076,7035944960,6.621932647874443,,,,,,,
train,13430,3.130063533782959,0.0001764470620508787,0.269989937543869,1.7480621350114234,299925.2655264304,7041187840,6.62679308153444,,,,,,,
train,13440,3.1290464401245117,0.00017606723542644304,0.28784334659576416,1.7467477470054291,300150.95247658016,7046430720,6.631650014394998,,,,,,,
train,13450,3.0647592544555664,0.00017568785959792824,0.25913941860198975,1.7474644470203202,300027.8494329238,7051673600,6.6365060307727735,,,,,,,
train,13460,3.1750423908233643,0.00017530893567634575,0.2977808713912964,1.749086706986418,299749.5766824047,7056916480,6.641363273630834,,,,,,,
train,13470,3.1756131649017334,0.00017493046477138396,0.2686917185783386,1.7477354329894297,299981.33018521394,7062159360,6.646222457147774,,,,,,,
train,13480,3.0932133197784424,0.00017455244799140397,0.2409108281135559,1.7472982709878124,300056.3834494042,7067402240,6.651081075718054,,,,,,,
train,13490,3.072052240371704,0.00017417488644343746,0.27528032660484314,1.748686473001726,299818.18244412215,7072645120,6.655938680865276,,,,,,,
train,13500,3.104142427444458,0.00017379778123318264,0.2888451814651489,1.748589481023373,299834.81296773965,7077888000,6.660797612654723,,,,,,,
validation,13500,,,,,,,,,3.082594633102417,,,,,
train,13510,3.0819692611694336,0.00017342113346500182,0.26775020360946655,1.7512193839938845,299384.5344518131,7083130880,6.6666654804766665,,,,,,,
train,13520,3.050884485244751,0.00017304494424191702,0.2414994090795517,1.7464111919980496,300208.7952724169,7088373760,6.6715349637519425,,,,,,,
train,13530,3.1105079650878906,0.00017266921466560766,0.2661561369895935,1.7469697009946685,300112.81804228615,7093616640,6.676388312690276,,,,,,,
train,13540,3.1492974758148193,0.00017229394583640742,0.2666223645210266,1.74514796101721,300426.1023772469,7098859520,6.681239153626391,,,,,,,
train,13550,3.102602005004883,0.0001719191388533003,0.27686989307403564,1.74781704499037,299967.3229544965,7104102400,6.6862384681624984,,,,,,,
train,13560,3.0992698669433594,0.0001715447948139177,0.3212748169898987,1.7455980250088032,300348.6441257608,7109345280,6.691091421667499,,,,,,,
train,13570,3.0951316356658936,0.00017117091481453543,0.2826102375984192,1.748905318992911,299780.66525745706,7114588160,6.695944025007775,,,,,,,
train,13580,3.1020936965942383,0.00017079749995007053,0.2665601968765259,1.7488864060142078,299783.9071748956,7119831040,6.7007998844172185,,,,,,,
train,13590,3.1106698513031006,0.0001704245513140777,0.24259532988071442,1.7474764520011377,300025.7882729161,7125073920,6.705653836165276,,,,,,,
train,13600,3.10176420211792,0.00017005206999874597,0.3039867579936981,1.7487945159955416,299799.65925358416,7130316800,6.7105098860236065,,,,,,,
train,13610,3.1747453212738037,0.00016968005709489637,0.2974265515804291,1.7457469450018834,300323.0230481282,7135559680,6.715364901998328,,,,,,,
train,13620,3.0550007820129395,0.0001693085136919779,0.2533646523952484,1.7477320570033044,299981.90964063135,7140802560,6.720217220322221,,,,,,,
train,13630,3.1073808670043945,0.0001689374408780647,0.2731208801269531,1.7477167620090768,299984.5349067363,7146045440,6.725073031448054,,,,,,,
train,13640,3.1283862590789795,0.00016856683973985245,0.26623156666755676,1.7459799649950583,300282.9416782477,7151288320,6.7299266309974985,,,,,,,
train,13650,3.1342976093292236,0.00016819671136265602,0.2568545937538147,1.7494136489985976,299693.5574957437,7156531200,6.734782341578612,,,,,,,
train,13660,3.0566861629486084,0.00016782705683040548,0.2618178427219391,1.7478365120186936,299963.9819827683,7161774080,6.739639694345557,,,,,,,
train,13670,3.1020431518554688,0.0001674578772256434,0.27382808923721313,1.7504412140115164,299517.6277862426,7167016960,6.744496984581662,,,,,,,
train,13680,3.1387996673583984,0.0001670891736295211,0.23751458525657654,1.7515908920031507,299321.0357473456,7172259840,6.749355789723057,,,,,,,
train,13690,3.116300582885742,0.0001667209471217965,0.282392293214798,1.7489059409999754,299780.55863897793,7177502720,6.754211939038336,,,,,,,
train,13700,3.184659242630005,0.00016635319878083,0.30820947885513306,1.749051076010801,299755.6830620322,7182745600,6.759068226204723,,,,,,,
train,13710,3.1884512901306152,0.00016598592968358172,0.2955706715583801,1.7492970380117185,299713.5355559253,7187988480,6.763926567398335,,,,,,,
train,13720,3.145740270614624,0.00016561914090560835,0.2743402123451233,1.7458869609981775,300298.9378534841,7193231360,6.768781578904996,,,,,,,
train,13730,3.06925630569458,0.00016525283352105988,0.25535500049591064,1.7479137099871878,299950.733840198,7198474240,6.773637280535557,,,,,,,
train,13740,3.139111042022705,0.00016488700860267663,0.26743391156196594,1.746153984015109,300253.01594218594,7203717120,6.778638942201942,,,,,,,
train,13750,3.1086745262145996,0.0001645216672217859,0.23790492117404938,1.7515660609933548,299325.2790606503,7208960000,6.783493020431665,,,,,,,
validation,13750,,,,,,,,,3.0796077251434326,,,,,
train,13760,3.055288314819336,0.00016415681044829904,0.27632880210876465,1.7442721569968853,300576.9471793135,7214202880,6.788616507168335,,,,,,,
train,13770,3.0410399436950684,0.0001637924393507081,0.26098430156707764,1.743624369992176,300688.61678180867,7219445760,6.793468846741946,,,,,,,
train,13780,3.1295127868652344,0.00016342855499608294,0.2585555613040924,1.745191555004567,300418.5978877419,7224688640,6.798320861354166,,,,,,,
train,13790,3.1288678646087646,0.00016306515845006784,0.2710105776786804,1.7473961070063524,300039.58341089176,7229931520,6.803173656138056,,,,,,,
train,13800,3.0866799354553223,0.00016270225077687884,0.2893281579017639,1.74588179498096,300299.8264299547,7235174400,6.808024297014441,,,,,,,
train,13810,3.061737537384033,0.0001623398330392998,0.26617878675460815,1.7466076150012668,300175.0338753789,7240417280,6.812876009713889,,,,,,,
train,13820,3.0862090587615967,0.00016197790629868012,0.28035789728164673,1.7481227710086387,299914.8622138789,7245660160,6.817728773471665,,,,,,,
train,13830,3.0697433948516846,0.00016161647161493122,0.2613063454627991,1.7454674619948491,300371.11055671296,7250903040,6.8225815804225,,,,,,,
train,13840,3.042442560195923,0.00016125553004652375,0.27743393182754517,1.7469104829942808,300122.9914777015,7256145920,6.827434139901388,,,,,,,
train,13850,3.0925135612487793,0.00016089508265048383,0.2839496433734894,1.742950218002079,300804.91948931536,7261388800,6.832285601291385,,,,,,,
train,13860,3.102139949798584,0.0001605351304823905,0.27901309728622437,1.7467969860008452,300142.4917730802,7266631680,6.837137408173884,,,,,,,
train,13870,3.0560638904571533,0.00016017567459637293,0.24052315950393677,1.7459584299940616,300286.645428198,7271874560,6.841986840889723,,,,,,,
train,13880,3.1688623428344727,0.00015981671604510655,0.27012088894844055,1.7466490209917538,300167.9179382629,7277117440,6.846839420237779,,,,,,,
train,13890,3.1183502674102783,0.0001594582558798102,0.2589467465877533,1.745258056995226,300407.1506208403,7282360320,6.851690712423329,,,,,,,
train,13900,3.07084321975708,0.00015910029515024332,0.2613331079483032,1.7471721500041895,300078.04325334675,7287603200,6.856547541899166,,,,,,,
train,13910,3.0721945762634277,0.00015874283490470306,0.27264994382858276,1.7481136029819027,299916.43512508477,7292846080,6.861404436191943,,,,,,,
train,13920,3.1326982975006104,0.00015838587619002056,0.27200451493263245,1.7475026250176597,300021.29467170424,7298088960,6.866260144509999,,,,,,,
train,13930,3.0969741344451904,0.00015802942005155803,0.2702513635158539,1.7470258850080427,300103.1664723081,7303331840,6.87126645404805,,,,,,,
train,13940,3.034464120864868,0.00015767346753320637,0.2990309000015259,1.7477184679883067,299984.24208647077,7308574720,6.876121332404445,,,,,,,
train,13950,3.152783155441284,0.00015731801967738127,0.31867700815200806,1.7453128759807441,300397.71505460684,7313817600,6.880974527785276,,,,,,,
train,13960,3.0760769844055176,0.00015696307752502073,0.26637792587280273,1.747283606993733,300058.9016582472,7319060480,6.8858286732338865,,,,,,,
train,13970,3.018989324569702,0.0001566086421155813,0.25889816880226135,1.7462204509938601,300241.58731024014,7324303360,6.890684891833056,,,,,,,
train,13980,3.080397129058838,0.0001562547144870362,0.26429179310798645,1.747003038006369,300107.09116928774,7329546240,6.895538932386941,,,,,,,
train,13990,3.1398890018463135,0.00015590129567587122,0.26284658908843994,1.747552310989704,300012.7645409803,7334789120,6.900395271271668,,,,,,,
train,14000,3.112715005874634,0.00015554838671708209,0.2620462477207184,1.7463283129909541,300223.0428836412,7340032000,6.905248431052775,,,,,,,
validation,14000,,,,,,,,,3.074875831604004,,,,,
sample,14000,,,,,,,,,,,,,"Hello, I'm a language model,","Hello, I'm a language model, I write something for the reader. If no one knows what I'm doing, I get kicked out of the conversation. Now when that occurs a few lines go into a paragraph in your language model, for example, 'This means in some way that the speaker is also alive and"
train,14010,3.0893564224243164,0.00015519598864417128,0.24864618480205536,1.755675408989191,298624.6759028495,7345274880,6.91136606405722,,,,,,,
train,14020,3.1309096813201904,0.00015484410248914554,0.273046612739563,1.7524130719830282,299180.603239119,7350517760,6.916244305814996,,,,,,,
train,14030,3.0827620029449463,0.00015449272928251212,0.29815760254859924,1.7478789949964266,299956.6912245386,7355760640,6.92110473863639,,,,,,,
train,14040,3.068300485610962,0.00015414187005327614,0.2842387557029724,1.7468307400122285,300136.6921195409,7361003520,6.925961768015558,,,,,,,
train,14050,3.0574564933776855,0.00015379152582893762,0.29846787452697754,1.7460818380059209,300265.4220370066,7366246400,6.930812675138886,,,,,,,
train,14060,3.1168575286865234,0.00015344169763548826,0.2675938308238983,1.7477500889799558,299978.81465192296,7371489280,6.935667979026387,,,,,,,
train,14070,3.087794542312622,0.00015309238649740864,0.2738044559955597,1.7493091959913727,299711.452498753,7376732160,6.940522132475833,,,,,,,
train,14080,3.0784947872161865,0.00015274359343766505,0.26907750964164734,1.7505311990098562,299502.23126360175,7381975040,6.945379469394999,,,,,,,
train,14090,3.1162805557250977,0.00015239531947770668,0.27144885063171387,1.7488625490223058,299787.9966570849,7387217920,6.950234761220272,,,,,,,
train,14100,3.1253695487976074,0.00015204756563746242,0.30546125769615173,1.7492408209946007,299723.16773507214,7392460800,6.955093625050552,,,,,,,
train,14110,3.101041316986084,0.00015170033293533805,0.2720887064933777,1.7479095779999625,299951.44291154586,7397703680,6.959952591689167,,,,,,,
train,14120,3.0138890743255615,0.00015135362238821314,0.2558605372905731,1.7490742189984303,299751.71682549996,7402946560,6.964973078283058,,,,,,,
train,14130,3.1123883724212646,0.00015100743501143813,0.26786068081855774,1.750799711997388,299456.29783196026,7408189440,6.96983322242,,,,,,,
train,14140,3.101515054702759,0.00015066177181883135,0.27929943799972534,1.749240237986669,299723.2676304326,7413432320,6.974694723109998,,,,,,,
train,14150,3.0599801540374756,0.00015031663382267601,0.25287315249443054,1.7495854849985335,299664.1230139375,7418675200,6.9795555516058325,,,,,,,
train,14160,3.2363319396972656,0.00014997202203371733,0.30573156476020813,1.7509051369852386,299438.26705696626,7423918080,6.984416508301939,,,,,,,
train,14170,3.104442596435547,0.0001496279374611595,0.270894318819046,1.7507039979973342,299472.6696230452,7429160960,6.989276674993606,,,,,,,
train,14180,3.0820531845092773,0.00014928438111266266,0.27356263995170593,1.7514915309729986,299338.01604438503,7434403840,6.994139729776111,,,,,,,
train,14190,3.1152005195617676,0.0001489413539943401,0.2885496914386749,1.7522876840084791,299202.0116244012,7439646720,6.999002055998329,,,,,,,
train,14200,3.088674783706665,0.00014859885711075542,0.2932260036468506,1.7504727159976028,299512.2375850376,7444889600,7.003867045628609,,,,,,,
train,14210,3.12009596824646,0.00014825689146491907,0.26854923367500305,1.7477958509989548,299970.960395828,7450132480,7.008727529012499,,,,,,,
train,14220,3.0629689693450928,0.00014791545805828595,0.2651748061180115,1.7493566689954605,299703.31910705427,7455375360,7.013588174303052,,,,,,,
train,14230,3.0640289783477783,0.00014757455789075224,0.26771190762519836,1.7455083069799002,300364.0818571236,7460618240,7.018438614712779,,,,,,,
train,14240,3.189091920852661,0.00014723419196065274,0.293761670589447,1.7469645510136615,300113.7027627643,7465861120,7.0232888901975015,,,,,,,
train,14250,3.172380208969116,0.00014689436126475727,0.2621646523475647,1.751258646021597,299377.82245417923,7471104000,7.028138673201385,,,,,,,
validation,14250,,,,,,,,,3.0734121799468994,,,,,
train,14260,3.077969551086426,0.00014655506679826848,0.2584211528301239,1.801315318007255,291058.4253399928,7476346880,7.0333432857675025,,,,,,,
train,14270,3.198306083679199,0.0001462163095548188,0.3135671317577362,1.7341322109859902,302334.5029165343,7481589760,7.038256395467777,,,,,,,
train,14280,3.104008197784424,0.00014587809052646724,0.27579203248023987,1.749398066982394,299696.2268881234,7486832640,7.043104403000276,,,,,,,
train,14290,3.0632176399230957,0.00014554041070369639,0.25431516766548157,1.733024179993663,302527.8043159889,7492075520,7.047930058552495,,,,,,,
train,14300,3.0980472564697266,0.00014520327107541006,0.24944445490837097,1.705992384988349,307321.41867302684,7497318400,7.0527150125488856,,,,,,,
train,14310,3.1309475898742676,0.00014486667262893013,0.27869758009910583,1.7079633369867224,306966.77653805853,7502561280,7.057586624161947,,,,,,,
train,14320,3.10908842086792,0.00014453061634999359,0.25386956334114075,1.7080316740029957,306954.4950365367,7507804160,7.062335259073888,,,,,,,
train,14330,3.0493452548980713,0.0001441951032227493,0.25759372115135193,1.7080528810038231,306950.6839225468,7513047040,7.067082647511941,,,,,,,
train,14340,3.0798580646514893,0.00014386013422975586,0.29733237624168396,1.7085323699866422,306864.54012229166,7518289920,7.0718303913961105,,,,,,,
train,14350,3.080798625946045,0.00014352571035197844,0.2706620991230011,1.7485149069980253,299847.60089928826,7523532800,7.076677658381111,,,,,,,
train,14360,3.1159543991088867,0.00014319183256878562,0.2650797963142395,1.74529078300111,300401.5176763049,7528775680,7.081534710086667,,,,,,,
train,14370,3.0428316593170166,0.00014285850185794655,0.2624533474445343,1.7488702810078394,299786.6712549219,7534018560,7.086394204405555,,,,,,,
train,14380,3.041289806365967,0.0001425257191956288,0.2562393546104431,1.747313319996465,300053.7991669752,7539261440,7.091253614148607,,,,,,,
train,14390,3.109102725982666,0.00014219348555639445,0.25691646337509155,1.7488068789825775,299797.539854727,7544504320,7.096112252158054,,,,,,,
train,14400,3.0687944889068604,0.00014186180191319813,0.30085474252700806,1.7485117730102502,299848.138338458,7549747200,7.100969101533887,,,,,,,
train,14410,3.1129298210144043,0.00014153066923738337,0.2900344729423523,1.747222922014771,300069.32337828365,7554990080,7.105827288369999,,,,,,,
train,14420,3.0949156284332275,0.0001412000884986806,0.2562912404537201,1.748614929994801,299830.4492353607,7560232960,7.110685777312222,,,,,,,
train,14430,3.0704710483551025,0.0001408700606652037,0.2572910189628601,1.7484559440054,299857.71262783435,7565475840,7.115544524492499,,,,,,,
train,14440,3.0617501735687256,0.0001405405867034474,0.2532862424850464,1.7479989470157307,299936.10745309095,7570718720,7.120402053013054,,,,,,,
train,14450,3.092695713043213,0.0001402116675782843,0.3368724286556244,1.747691346972715,299988.89730051695,7575961600,7.125238626617501,,,,,,,
train,14460,3.1013174057006836,0.00013988330425296222,0.31001123785972595,1.7505585170001723,299497.55744151934,7581204480,7.130104004958889,,,,,,,
train,14470,3.030805826187134,0.00013955549768910139,0.2506837844848633,1.7478090240038,299968.69955447724,7586447360,7.134962721317497,,,,,,,
train,14480,3.0890393257141113,0.00013922824884669136,0.30334392189979553,1.7455902669753414,300349.9789835883,7591690240,7.1398203869083305,,,,,,,
train,14490,3.1462349891662598,0.00013890155868408855,0.28363972902297974,1.747541190998163,300014.6735886302,7596933120,7.144674604712773,,,,,,,
train,14500,3.081003427505493,0.00013857542815801321,0.28844019770622253,1.744853909010999,300476.73177244497,7602176000,7.149687427416946,,,,,,,
validation,14500,,,,,,,,,3.069230079650879,,,,,
train,14510,3.0301058292388916,0.00013824985822354666,0.25408533215522766,1.7525306440074928,299160.53210979316,7607418880,7.155527682887501,,,,,,,
train,14520,3.0214548110961914,0.00013792484983412851,0.2870103120803833,1.7478337200009264,299964.4611500699,7612661760,7.160409531759166,,,,,,,
train,14530,3.171102523803711,0.00013760040394155396,0.2934119403362274,1.748017717996845,299932.8866075866,7617904640,7.165266198631944,,,,,,,
train,14540,3.1063358783721924,0.00013727652149597076,0.26839154958724976,1.749023506010417,299760.40813534806,7623147520,7.170124478918612,,,,,,,
train,14550,3.1285948753356934,0.0001369532034458768,0.26188504695892334,1.7479857449943665,299938.37278214743,7628390400,7.1749816890277724,,,,,,,
train,14560,3.083132743835449,0.00013663045073811694,0.27622494101524353,1.7494700480019674,299683.8960454214,7633633280,7.179839390778887,,,,,,,
train,14570,3.0921621322631836,0.00013630826431788049,0.2705673575401306,1.750200265989406,299558.86202749185,7638876160,7.184698085403611,,,,,,,
train,14580,3.1266911029815674,0.0001359866451286984,0.2533572316169739,1.7521013560181018,299233.83039410383,7644119040,7.18955900606722,,,,,,,
train,14590,3.082184076309204,0.0001356655941124404,0.2920895516872406,1.748620969010517,299829.41374463565,7649361920,7.1944179112349955,,,,,,,
train,14600,3.068037986755371,0.00013534511220931252,0.25640180706977844,1.748902370018186,299781.1707434236,7654604800,7.199276988297772,,,,,,,
train,14610,3.022080898284912,0.0001350252003578538,0.25691255927085876,1.7503256960189901,299537.39535016904,7659847680,7.204136401587498,,,,,,,
train,14620,3.1196088790893555,0.00013470585949493407,0.31034138798713684,1.7502170429797843,299555.9905572556,7665090560,7.208995590314443,,,,,,,
train,14630,3.0962436199188232,0.0001343870905557509,0.25828707218170166,1.7475274730240926,300017.0286838013,7670333440,7.213853373167496,,,,,,,
train,14640,3.059244394302368,0.0001340688944738273,0.24685947597026825,1.7492076740018092,299728.8474046894,7675576320,7.218712568770279,,,,,,,
train,14650,3.0157625675201416,0.00013375127218100813,0.2531594932079315,1.7501587150036357,299565.9739344902,7680819200,7.22357240973,,,,,,,
train,14660,3.1254007816314697,0.00013343422460745827,0.2975611984729767,1.7500523939961568,299584.17347883777,7686062080,7.228431174745557,,,,,,,
train,14670,3.0864789485931396,0.00013311775268165922,0.26504701375961304,1.7483637630066369,299873.5223717913,7691304960,7.233289591386662,,,,,,,
train,14680,2.9603681564331055,0.00013280185733040723,0.2666981518268585,1.7474082869885024,300037.4920411773,7696547840,7.238147609210832,,,,,,,
train,14690,3.041829824447632,0.00013248653947880944,0.27965134382247925,1.7482722580025438,299889.2178264131,7701790720,7.24317200022444,,,,,,,
train,14700,3.127580404281616,0.00013217180005028188,0.2614215612411499,1.7480642400041688,299924.90436092304,7707033600,7.248032424177776,,,,,,,
train,14710,2.961155891418457,0.00013185763996654705,0.3007854223251343,1.7497197189950384,299641.13355316577,7712276480,7.252895204419724,,,,,,,
train,14720,3.1204450130462646,0.0001315440601476305,0.28093409538269043,1.7517338809848297,299296.6030349563,7717519360,7.257755991704997,,,,,,,
train,14730,3.0508062839508057,0.00013123106151185837,0.27110186219215393,1.749715459998697,299641.86291203625,7722762240,7.262617059997776,,,,,,,
train,14740,3.0919415950775146,0.00013091864497585492,0.2520454525947571,1.749783995008329,299630.12663028983,7728005120,7.267479465502499,,,,,,,
train,14750,3.092214584350586,0.00013060681145453992,0.29215675592422485,1.7511385090183467,299398.36129462166,7733248000,7.272340109880558,,,,,,,
validation,14750,,,,,,,,,3.0683536529541016,,,,,
train,14760,3.0529356002807617,0.0001302955618611255,0.2922530174255371,1.7495116910140496,299676.7627749392,7738490880,7.277459709937223,,,,,,,
train,14770,3.1173603534698486,0.00012998489710711365,0.28812864422798157,1.748101150005823,299918.57164458337,7743733760,7.282318903846664,,,,,,,
train,14780,3.082240104675293,0.00012967481810229403,0.27797284722328186,1.748697759991046,299816.24726429826,7748976640,7.2871790703747195,,,,,,,
train,14790,3.0610899925231934,0.0001293653257547406,0.27919310331344604,1.7483323790074792,299878.9053472979,7754219520,7.292041483456665,,,,,,,
train,14800,3.1410999298095703,0.0001290564209708095,0.2701689898967743,1.7506104320054874,299488.6757297449,7759462400,7.296904722484444,,,,,,,
train,14810,3.051323890686035,0.0001287481046551358,0.2776239812374115,1.7492053819878493,299729.2401445641,7764705280,7.30176755077305,,,,,,,
train,14820,3.043233633041382,0.00012844037771063166,0.2437642514705658,1.7506268150173128,299485.8730041874,7769948160,7.306634796436944,,,,,,,
train,14830,3.0465638637542725,0.0001281332410384831,0.25073203444480896,1.7535900739894714,298979.7945236019,7775191040,7.311502643794439,,,,,,,
train,14840,3.0546505451202393,0.00012782669553814741,0.25935545563697815,1.750046861008741,299585.12065088144,7780433920,7.316367768231389,,,,,,,
train,14850,3.1498935222625732,0.00012752074210735072,0.2525685727596283,1.7528007390210405,299114.4334482771,7785676800,7.321234384924723,,,,,,,
train,14860,3.058220148086548,0.00012721538164208528,0.271663099527359,1.7484865430160426,299852.4650327776,7790919680,7.326098357449996,,,,,,,
train,14870,3.1155972480773926,0.0001269106150366067,0.2746965289115906,1.7516264129953925,299314.96585703694,7796162560,7.330963917709718,,,,,,,
train,14880,3.0891213417053223,0.0001266064431834316,0.31658223271369934,1.7496367100102361,299655.34959364944,7801405440,7.335998351282218,,,,,,,
train,14890,2.992537021636963,0.00012630286697333482,0.2667803466320038,1.7519837169966195,299253.9228040163,7806648320,7.340867788049719,,,,,,,
train,14900,3.1526973247528076,0.00012599988729534683,0.29250940680503845,1.7512182279897388,299384.7320798171,7811891200,7.345732635926664,,,,,,,
train,14910,3.0989723205566406,0.00012569750503675108,0.28301239013671875,1.7504352139949333,299518.65445133665,7817134080,7.350600686562773,,,,,,,
train,14920,3.0868053436279297,0.00012539572108308144,0.290462851524353,1.7515805450093467,299322.8039063441,7822376960,7.355468875959721,,,,,,,
train,14930,3.0744853019714355,0.00012509453631812,0.2696595788002014,1.7494837200210895,299681.55404937395,7827619840,7.360334033895835,,,,,,,
train,14940,3.0746679306030273,0.00012479395162389356,0.257108211517334,1.7485442309989594,299842.57229825377,7832862720,7.365199637494718,,,,,,,
train,14950,3.027463674545288,0.00012449396788067192,0.25207602977752686,1.7501989130105358,299559.09359934786,7838105600,7.370063525317221,,,,,,,
train,14960,3.096625566482544,0.00012419458596696483,0.2769030034542084,1.748986174003221,299766.8065036599,7843348480,7.3749247319722215,,,,,,,
train,14970,3.06600022315979,0.00012389580675951993,0.27287182211875916,1.749008581013186,299762.9661120841,7848591360,7.379789261314444,,,,,,,
train,14980,3.0839991569519043,0.00012359763113331925,0.2994847297668457,1.7521334390039556,299228.3511797165,7853834240,7.3846527790158305,,,,,,,
train,14990,3.106034755706787,0.0001233000599615776,0.2621908485889435,1.7515729980077595,299324.09359834023,7859077120,7.389519255843051,,,,,,,
train,15000,3.0163283348083496,0.00012300309411573956,0.2757711112499237,1.7531502099882346,299054.80831760477,7864320000,7.394387718433055,,,,,,,
validation,15000,,,,,,,,,3.0652811527252197,,,,,
hellaswag,15000,,,,,,,,,,0.2983469428400717,2996,10042,,
sample,15000,,,,,,,,,,,,,"Hello, I'm a language model,","Hello, I'm a language model, I like and like math, I am an English teacher and not somebody.
What is the function of ""my_p = "", ""my_p"". That means the function is also called , it tells you how to evaluate the value that is given to this function.
"
train,15010,3.0911853313446045,0.00012270673446547708,0.2796275317668915,1.7499552079825662,299600.8112712924,7869562880,7.409012899354719,,,,,,,
train,15020,3.062410593032837,0.00012241098187868658,0.2897886633872986,1.7543481969914865,298850.59357036196,7874805760,7.413890785813888,,,,,,,
train,15030,3.0936741828918457,0.00012211583722148683,0.2652677297592163,1.7526046420098282,299147.90103417967,7880048640,7.418761777605832,,,,,,,
train,15040,3.0102317333221436,0.00012182130135821647,0.31493860483169556,1.753075290005654,299067.58881890867,7885291520,7.423628981693611,,,,,,,
train,15050,3.1310572624206543,0.00012152737515143107,0.2932055592536926,1.753833175986074,298938.3523921679,7890534400,7.428495565610833,,,,,,,
train,15060,3.019472599029541,0.00012123405946190064,0.2948635518550873,1.75041838499601,299521.5341052277,7895777280,7.4333607327569435,,,,,,,
train,15070,3.076176404953003,0.00012094135514860747,0.25746026635169983,1.7506645020039286,299479.4258979174,7901020160,7.4383964163058325,,,,,,,
train,15080,3.087196111679077,0.0001206492630687436,0.2488667219877243,1.7526250259834342,299144.4217828689,7906263040,7.44326088021055,,,,,,,
train,15090,3.0170695781707764,0.00012035778407770784,0.2647404074668884,1.7532145869918168,299043.82720176806,7911505920,7.448128460416669,,,,,,,
train,15100,3.0184273719787598,0.00012006691902910352,0.2625695466995239,1.7509537090081722,299429.96054246515,7916748800,7.4529932157255505,,,,,,,
train,15110,3.0110392570495605,0.00011977666877473631,0.3110288083553314,1.7542803460091818,298862.152330843,7921991680,7.457857413383891,,,,,,,
train,15120,3.0844056606292725,0.00011948703416461126,0.2778652310371399,1.7530311050068121,299075.12679186754,7927234560,7.462725303181667,,,,,,,
train,15130,3.0831215381622314,0.00011919801604693057,0.49976491928100586,1.7514201469894033,299350.21639509103,7932477440,7.467592052396107,,,,,,,
train,15140,3.052455425262451,0.00011890961526809069,0.2778184115886688,1.7546546189987566,298798.40415498405,7937720320,7.472460338070555,,,,,,,
train,15150,3.110288143157959,0.00011862183267268077,0.3072558641433716,1.7524144490016624,299180.3681478905,7942963200,7.477327136988606,,,,,,,
train,15160,3.1472582817077637,0.00011833466910347915,0.2762163579463959,1.7520935320062563,299235.1666292938,7948206080,7.482192544541661,,,,,,,
train,15170,3.0245511531829834,0.00011804812540145148,0.25016477704048157,1.752126435021637,299229.5473206108,7953448960,7.487059347058886,,,,,,,
train,15180,3.130094528198242,0.00011776220240574809,0.28070396184921265,1.7513962689845357,299354.29764503473,7958691840,7.491927155511665,,,,,,,
train,15190,3.045696258544922,0.00011747690095370162,0.28385794162750244,1.7520028419967275,299250.65612478,7963934720,7.496794541347497,,,,,,,
train,15200,3.0628907680511475,0.00011719222188082438,0.2715010344982147,1.7514461490209214,299345.77223118336,7969177600,7.50165981637111,,,,,,,
train,15210,3.0327048301696777,0.00011690816602080614,0.27242618799209595,1.7530462539871223,299072.5423288525,7974420480,7.506526469363889,,,,,,,
train,15220,2.9991252422332764,0.00011662473420551156,0.3180437982082367,1.7515444160089828,299328.9780196537,7979663360,7.511393705704443,,,,,,,
train,15230,3.0845143795013428,0.00011634192726497771,0.2541281282901764,1.7511126000026707,299402.7911164595,7984906240,7.516260710799996,,,,,,,
train,15240,3.0360701084136963,0.0001160597460274117,0.27788832783699036,1.7494760660047177,299682.8651662081,7990149120,7.5211271092877725,,,,,,,
train,15250,3.0735397338867188,0.00011577819131918836,0.29399746656417847,1.749601586983772,299661.3651361891,7995392000,7.525987203124719,,,,,,,
validation,15250,,,,,,,,,3.061133623123169,,,,,
train,15260,3.0533220767974854,0.00011549726396484757,0.24736924469470978,1.7512492800015025,299379.42358471674,8000634880,7.531296146871666,,,,,,,
train,15270,3.147681474685669,0.00011521696478709211,0.28298208117485046,1.7453610689844936,300389.4204567353,8005877760,7.536152803580278,,,,,,,
train,15280,2.9995224475860596,0.00011493729460678508,0.2855524718761444,1.7485329609771725,299844.50490827474,8011120640,7.541007397878056,,,,,,,
train,15290,3.0652613639831543,0.00011465825424294751,0.2960939407348633,1.7486505629785825,299824.339464912,8016363520,7.545864759431667,,,,,,,
train,15300,3.092447519302368,0.00011437984451275603,0.270501971244812,1.7509669009887148,299427.7046036401,8021606400,7.550722429816111,,,,,,,
train,15310,3.119649648666382,0.00011410206623154045,0.2809598445892334,1.734607391001191,302251.68111233995,8026849280,7.5555770216127796,,,,,,,
train,15320,3.069026470184326,0.00011382492021278138,0.2613822817802429,1.7475976420100778,300004.98249526514,8032092160,7.56042422263778,,,,,,,
train,15330,3.0676112174987793,0.00011354840726810779,0.27254658937454224,1.7449026370013598,300468.340686903,8037335040,7.565265648664718,,,,,,,
train,15340,3.008286476135254,0.00011327252820729473,0.26656201481819153,1.7453003020200413,300399.8792604229,8042577920,7.570118808537502,,,,,,,
train,15350,3.031820297241211,0.0001129972838382608,0.2747093141078949,1.7446501599915791,300511.82295625994,8047820800,7.574971209938336,,,,,,,
train,15360,3.1134183406829834,0.00011272267496706601,0.28649720549583435,1.7266592890082393,303642.99623994797,8053063680,7.579784568105275,,,,,,,
train,15370,3.06640887260437,0.00011244870239790939,0.28114548325538635,1.7270193489966914,303579.69081503584,8058306560,7.584584822725277,,,,,,,
train,15380,3.0093517303466797,0.00011217536693312618,0.2565770149230957,1.7485445939819328,299842.51005348813,8063549440,7.589398633718884,,,,,,,
train,15390,3.1799771785736084,0.00011190266937318619,0.28523629903793335,1.7405408000049647,301221.32155621087,8068792320,7.594223896057495,,,,,,,
train,15400,3.018998384475708,0.0001116306105166909,0.2753980755805969,1.7260735549789388,303746.0359019273,8074035200,7.599024653914441,,,,,,,
train,15410,3.030003547668457,0.00011135919116037163,0.2778296172618866,1.7272529129986651,303538.6399145156,8079278080,7.603824167392773,,,,,,,
train,15420,3.0665602684020996,0.0001110884120990865,0.26077038049697876,1.728137318015797,303383.29861539823,8084520960,7.608624689488885,,,,,,,
train,15430,3.055483102798462,0.00011081827412581872,0.30784597992897034,1.7259917559858877,303760.4311733959,8089763840,7.613426048972219,,,,,,,
train,15440,3.11407208442688,0.00011054877803167413,0.24928124248981476,1.7297978129936382,303092.07010306715,8095006720,7.6182352986538895,,,,,,,
train,15450,3.095280885696411,0.0001102799246058788,0.27211159467697144,1.7263985059980769,303688.863364079,8100249600,7.623154503365279,,,,,,,
train,15460,3.051882266998291,0.0001100117146357765,0.2958642840385437,1.7260953730146866,303742.1965185576,8105492480,7.627954964973057,,,,,,,
train,15470,3.047899007797241,0.00010974414890682678,0.25829192996025085,1.747774333023699,299974.65353148134,8110735360,7.632776898006664,,,,,,,
train,15480,3.0685713291168213,0.00010947722820260263,0.2629221975803375,1.7515762000111863,299323.546413026,8115978240,7.637646368499441,,,,,,,
train,15490,3.0300192832946777,0.00010921095330478801,0.27570784091949463,1.7510311279911548,299416.7217355421,8121221120,7.6425137381777795,,,,,,,
train,15500,3.0761525630950928,0.0001089453249931753,0.28690609335899353,1.7528780520078726,299101.2406136541,8126464000,7.647383767900829,,,,,,,
validation,15500,,,,,,,,,3.058112859725952,,,,,
train,15510,3.1652379035949707,0.00010868034404566383,0.2948800325393677,1.763176267995732,297354.27450823033,8131706880,7.653390625360278,,,,,,,
train,15520,3.043853282928467,0.00010841601123825681,0.3156484067440033,1.755304842023179,298687.7193340966,8136949760,7.658281337759165,,,,,,,
train,15530,3.053948402404785,0.0001081523273450595,0.2547779083251953,1.755159847001778,298712.39414210967,8142192640,7.663159379377499,,,,,,,
train,15540,3.0621256828308105,0.00010788929313827652,0.28081050515174866,1.7566761880007107,298454.54932516447,8147435520,7.6680306076219455,,,,,,,
train,15550,3.040402889251709,0.00010762690938821029,0.2569657862186432,1.7536240670015104,298973.99896915787,8152678400,7.672899201099168,,,,,,,
train,15560,3.103818655014038,0.00010736517686325805,0.26916101574897766,1.7525090629933402,299164.21607800404,8157921280,7.677766073573051,,,,,,,
train,15570,3.0169618129730225,0.00010710409632990999,0.28418266773223877,1.7530119839939289,299078.3889597276,8163164160,7.682632677914444,,,,,,,
train,15580,3.066831350326538,0.00010684366855274693,0.2453053891658783,1.7497696759819519,299632.5786168258,8168407040,7.6874974123247215,,,,,,,
train,15590,3.056870222091675,0.0001065838942944381,0.27855584025382996,1.7504767200152855,299511.55248464074,8173649920,7.69236360555889,,,,,,,
train,15600,3.0724947452545166,0.00010632477431573881,0.30802831053733826,1.7521334580087569,299228.3479340874,8178892800,7.697229312032779,,,,,,,
train,15610,3.0335047245025635,0.0001060663093754884,0.31009548902511597,1.7519018779858015,299267.9022656137,8184135680,7.702096248981106,,,,,,,
train,15620,3.0326995849609375,0.00010580850023060785,0.25006136298179626,1.7513134720211383,299368.4502380576,8189378560,7.706962634494444,,,,,,,
train,15630,3.0648317337036133,0.00010555134763609762,0.25950586795806885,1.729876105004223,303078.3525382704,8194621440,7.711795524959161,,,,,,,
train,15640,3.09928297996521,0.0001052948523450355,0.26332592964172363,1.7512037249980494,299387.2115025246,8199864320,7.716732899639165,,,,,,,
train,15650,3.083097219467163,0.00010503901510857427,0.2633157968521118,1.7318673919944558,302729.87552252406,8205107200,7.721542093258613,,,,,,,
train,15660,3.0272409915924072,0.00010478383667593963,0.2711127698421478,1.742600200988818,300865.3388783606,8210350080,7.726353158795278,,,,,,,
train,15670,3.1052379608154297,0.000104529317794428,0.3018503785133362,1.7506166620005388,299487.60992647207,8215592960,7.731217795661384,,,,,,,
train,15680,3.066253423690796,0.00010427545920940417,0.274688184261322,1.751382295973599,299356.6859761744,8220835840,7.736080396140557,,,,,,,
train,15690,3.0794448852539062,0.0001040222616642994,0.263477087020874,1.756367481983034,298507.0068639909,8226078720,7.740953765950278,,,,,,,
train,15700,3.0358097553253174,0.00010376972590060891,0.27791646122932434,1.7477070330060087,299986.204837912,8231321600,7.745827673490275,,,,,,,
train,15710,3.074244499206543,0.00010351785265788995,0.2967700660228729,1.7553063889790792,298687.45609986427,8236564480,7.75070225413444,,,,,,,
train,15720,3.119882822036743,0.00010326664267375958,0.2601759731769562,1.7553610570030287,298678.15393781714,8241807360,7.755578996865273,,,,,,,
train,15730,3.0080080032348633,0.00010301609668389249,0.2629860043525696,1.760436321987072,297817.07719380385,8247050240,7.76045655350833,,,,,,,
train,15740,3.0333805084228516,0.00010276621542201879,0.27175387740135193,1.757668810983887,298286.00059559586,8252293120,7.765338304181108,,,,,,,
train,15750,3.0317821502685547,0.000102516999619922,0.2932984232902527,1.7568638660013676,298422.66674496676,8257536000,7.770216841949166,,,,,,,
validation,15750,,,,,,,,,3.0555598735809326,,,,,
train,15760,3.075474262237549,0.00010226845000743667,0.24753481149673462,1.7534072340058628,299010.9712289729,8262778880,7.775340391556666,,,,,,,
train,15770,3.014084577560425,0.00010202056731244674,0.2679692804813385,1.752262743015308,299206.2703437961,8268021760,7.780211826734166,,,,,,,
train,15780,3.0444698333740234,0.00010177335226088263,0.30321601033210754,1.7532900289807003,299030.95970083296,8273264640,7.785083875336665,,,,,,,
train,15790,3.0570545196533203,0.00010152680557671981,0.2788465917110443,1.7529867450066376,299082.69500236,8278507520,7.789954376704999,,,,,,,
train,15800,3.0729305744171143,0.00010128092798197629,0.2712598443031311,1.7669756360119209,296714.9004857376,8283750400,7.794842125214717,,,,,,,
train,15810,3.0818638801574707,0.00010103572019671091,0.27944642305374146,1.7640592909883708,297205.4299298811,8288993280,7.799735485618334,,,,,,,
train,15820,3.066967725753784,0.00010079118293902057,0.25782668590545654,1.7642395560105797,297175.06231724913,8294236160,7.804638815054439,,,,,,,
train,15830,3.071413040161133,0.00010054731692503867,0.27228134870529175,2.30885622597998,227076.9371000869,8299479040,7.809689790597218,,,,,,,
train,15840,3.0184378623962402,0.00010030412286893308,0.2480618953704834,1.7591200580063742,298039.91922767344,8304721920,7.814570927984168,,,,,,,
train,15850,3.0743064880371094,0.00010006160148290351,0.2830435335636139,1.7553150090097915,298685.98930043983,8309964800,7.8194621919605565,,,,,,,
train,15860,3.0532712936401367,9.981975347717986e-05,0.2820296585559845,1.7530342540121637,299074.5895581126,8315207680,7.824338013533052,,,,,,,
train,15870,3.042933702468872,9.957857956001992e-05,0.2579859495162964,1.7594598099822178,297982.3676707334,8320450560,7.829218891536107,,,,,,,
train,15880,3.059642791748047,9.933808043770769e-05,0.2669409513473511,1.7549886910128407,298741.52619036107,8325693440,7.834098859180554,,,,,,,
train,15890,3.092927932739258,9.909825681455074e-05,0.2749774158000946,1.7530615059949923,299069.94033414003,8330936320,7.838975142307221,,,,,,,
train,15900,3.0885539054870605,9.885910939287837e-05,0.2689090371131897,1.7540549529949203,298900.5555982249,8336179200,7.843852652834167,,,,,,,
train,15910,3.044978380203247,9.86206388730399e-05,0.2595292329788208,1.7563523979915772,298509.5705164484,8341422080,7.8487302054588834,,,,,,,
train,15920,3.078472137451172,9.83828459534021e-05,0.2554570734500885,1.7534687869774643,299000.4748836959,8346664960,7.853608070110834,,,,,,,
train,15930,3.1192002296447754,9.814573133034755e-05,0.27168458700180054,1.7571164290129673,298379.7723037116,8351907840,7.858485818698885,,,,,,,
train,15940,3.06937837600708,9.790929569827206e-05,0.2916053235530853,1.7549624079838395,298746.00026465516,8357150720,7.863364633366663,,,,,,,
train,15950,3.0066075325012207,9.767353974958346e-05,0.27667874097824097,1.7572352239803877,298359.6008350055,8362393600,7.868244204375272,,,,,,,
train,15960,3.056915044784546,9.74384641746988e-05,0.2723655104637146,1.7543915700225625,298843.2052220003,8367636480,7.873123336520277,,,,,,,
train,15970,3.0297319889068604,9.720406966204286e-05,0.27263668179512024,1.753907981008524,298925.60252706433,8372879360,7.878006233320274,,,,,,,
train,15980,3.0092620849609375,9.697035689804556e-05,0.25160452723503113,1.7546907250070944,298792.25582495757,8378122240,7.8828832211911095,,,,,,,
train,15990,3.0727803707122803,9.673732656714071e-05,0.2634150981903076,1.7551709760155063,298710.5000962414,8383365120,7.8877602256944455,,,,,,,
train,16000,3.0608410835266113,9.650497935176334e-05,0.25266775488853455,1.7553654960065614,298677.3986345008,8388608000,7.892639213579718,,,,,,,
validation,16000,,,,,,,,,3.0529696941375732,,,,,
sample,16000,,,,,,,,,,,,,"Hello, I'm a language model,","Hello, I'm a language model, and what's interesting about all of this is that just over the years, it has evolved, and each time, it has been evolving with the next generation of things. So, I know that it should be as much fun as its first generation of things.<|endoftext|>Treatment is"
train,16010,3.049440622329712,9.627331593234809e-05,0.2550922632217407,1.7539817960059736,298913.0224691422,8393850880,7.898650565521667,,,,,,,
train,16020,3.027777910232544,9.6042336987327e-05,0.2627144753932953,1.7576936219993513,298281.7900901466,8399093760,7.903537621108052,,,,,,,
train,16030,3.082287073135376,9.581204319312762e-05,0.2693345248699188,1.751312838983722,299368.55844912416,8404336640,7.908555286809165,,,,,,,
train,16040,3.06964111328125,9.558243522417111e-05,0.2657086253166199,1.7542793879983947,298862.3155392622,8409579520,7.913424587019997,,,,,,,
train,16050,3.042069673538208,9.535351375287003e-05,0.25736454129219055,1.7593149700260255,298006.8998061468,8414822400,7.918294886748885,,,,,,,
train,16060,3.0676450729370117,9.512527944962664e-05,0.263155460357666,1.7525840800080914,299151.41075432993,8420065280,7.9231640796291645,,,,,,,
train,16070,3.0422616004943848,9.489773298283072e-05,0.264633446931839,1.7524469420022797,299174.8208941312,8425308160,7.9280335308375,,,,,,,
train,16080,3.0467259883880615,9.467087501885776e-05,0.2575235366821289,1.7504921889922116,299508.9057220196,8430551040,7.9328997115799975,,,,,,,
train,16090,3.0383336544036865,9.44447062220669e-05,0.29516276717185974,1.7543463910114951,298850.9012166712,8435793920,7.937767084176109,,,,,,,
train,16100,3.0976076126098633,9.421922725479925e-05,0.26492053270339966,1.7518337210058235,299279.5456060622,8441036800,7.942634917584995,,,,,,,
train,16110,3.0177087783813477,9.399443877737534e-05,0.2999507486820221,1.7527581180038396,299121.7068770989,8446279680,7.947500874668056,,,,,,,
train,16120,2.9993863105773926,9.377034144809388e-05,0.24120935797691345,1.7516097850166261,299317.8072449644,8451522560,7.952368197713885,,,,,,,
train,16130,3.058677911758423,9.354693592322942e-05,0.25742194056510925,1.7525907840172295,299150.26644054626,8456765440,7.957235726802222,,,,,,,
train,16140,3.06524658203125,9.332422285703078e-05,0.2731127440929413,1.7525908579991665,299150.2538125469,8462008320,7.962105013343607,,,,,,,
train,16150,2.967271566390991,9.310220290171848e-05,0.26444023847579956,1.7530988680082373,299063.5665606605,8467251200,7.966977178114442,,,,,,,
train,16160,3.1176061630249023,9.288087670748347e-05,0.28528401255607605,1.756065111985663,298558.4056203723,8472494080,7.971848051972774,,,,,,,
train,16170,3.093562126159668,9.266024492248512e-05,0.26850539445877075,1.7518994929851033,299268.3096829106,8477736960,7.976719379903055,,,,,,,
train,16180,3.0613644123077393,9.244030819284915e-05,0.2511056363582611,1.7540142329817172,298907.494672231,8482979840,7.981590197654724,,,,,,,
train,16190,2.9810001850128174,9.222106716266554e-05,0.2577463984489441,1.7524834620126057,299168.5863887649,8488222720,7.986458088591107,,,,,,,
train,16200,3.0482537746429443,9.200252247398708e-05,0.2719006836414337,1.7548865090066101,298758.9210522703,8493465600,7.9913312434077755,,,,,,,
train,16210,3.0861918926239014,9.178467476682751e-05,0.2583097517490387,1.7547390509862453,298784.02700693626,8498708480,7.996203110652779,,,,,,,
train,16220,3.03652024269104,9.156752467915917e-05,0.2578372061252594,1.752525821008021,299161.3554078416,8503951360,8.001223436779998,,,,,,,
train,16230,3.0432424545288086,9.135107284691135e-05,0.301642507314682,1.7526002519880421,299148.6503583917,8509194240,8.006092616051667,,,,,,,
train,16240,3.0469491481781006,9.113531990396874e-05,0.2559603750705719,1.7510665219742805,299410.66968082933,8514437120,8.010960806804441,,,,,,,
train,16250,2.943445920944214,9.092026648216921e-05,0.245991051197052,1.7530822880216874,299066.3949903041,8519680000,8.01583252237555,,,,,,,
validation,16250,,,,,,,,,3.0510334968566895,,,,,
train,16260,3.0115087032318115,9.070591321130201e-05,0.2639077603816986,1.7543952309933957,298842.58161322697,8524922880,8.020965645142779,,,,,,,
train,16270,3.050978422164917,9.049226071910589e-05,0.2688942551612854,1.7523859929933678,299185.2263692365,8530165760,8.02583571047472,,,,,,,
train,16280,3.0593478679656982,9.027930963126765e-05,0.2744317352771759,1.750773264997406,299460.82138784364,8535408640,8.030706570503332,,,,,,,
train,16290,3.0909371376037598,9.006706057141975e-05,0.27778205275535583,1.7536312959855422,298972.7665103911,8540651520,8.035578982100278,,,,,,,
train,16300,3.115807056427002,8.98555141611389e-05,0.27833548188209534,1.751064129988663,299411.0786812785,8545894400,8.040451855102502,,,,,,,
train,16310,3.076974391937256,8.964467101994384e-05,0.28076061606407166,1.7518245989922434,299281.1039995685,8551137280,8.045322764176388,,,,,,,
train,16320,3.0796868801116943,8.943453176529414e-05,0.2817743718624115,1.7511753989965655,299392.05421708204,8556380160,8.050195335722496,,,,,,,
train,16330,3.0713155269622803,8.92250970125877e-05,0.2886074483394623,1.7538983859994914,298927.23785205197,8561623040,8.055066506633334,,,,,,,
train,16340,3.0669634342193604,8.901636737515946e-05,0.29430732131004333,1.748864647001028,299787.6370244288,8566865920,8.05993885513222,,,,,,,
train,16350,3.0074117183685303,8.880834346427931e-05,0.2570361793041229,1.7517295090074185,299297.350021281,8572108800,8.064807820706111,,,,,,,
train,16360,3.0575666427612305,8.860102588915042e-05,0.2623603641986847,1.7498941679950804,299611.261977458,8577351680,8.069676613755833,,,,,,,
train,16370,2.989966630935669,8.839441525690748e-05,0.26626840233802795,1.751297598995734,299371.16358787235,8582594560,8.074543910656665,,,,,,,
train,16380,3.1012747287750244,8.818851217261484e-05,0.2575060725212097,1.7518271250010002,299280.67245773505,8587837440,8.079409759141111,,,,,,,
train,16390,3.038679599761963,8.798331723926478e-05,0.25957781076431274,1.7513139870134182,299368.36220561917,8593080320,8.084275626442775,,,,,,,
train,16400,3.0893497467041016,8.777883105777579e-05,0.2978832721710205,1.77069320998271,296091.9469528657,8598323200,8.089141981775555,,,,,,,
train,16410,3.053558349609375,8.757505422699071e-05,0.27007338404655457,1.7559452739951666,298578.78133475536,8603566080,8.094224198018887,,,,,,,
train,16420,3.0832507610321045,8.737198734367503e-05,0.274869441986084,1.7345457119808998,302262.4289337687,8608808960,8.099045460423053,,,,,,,
train,16430,3.0832903385162354,8.716963100251515e-05,0.2499130368232727,1.7326288579788525,302596.83000524004,8614051840,8.103862500691942,,,,,,,
train,16440,3.0816614627838135,8.696798579611669e-05,0.298030287027359,1.7321094759972766,302687.56522917625,8619294720,8.108677850515273,,,,,,,
train,16450,3.077326774597168,8.676705231500258e-05,0.25497299432754517,1.7334241099888459,302458.006081024,8624537600,8.113493073363328,,,,,,,
train,16460,3.057497978210449,8.656683114761153e-05,0.26133590936660767,1.731742514995858,302751.7055566739,8629780480,8.118309640356108,,,,,,,
train,16470,3.0536999702453613,8.636732288029624e-05,0.2848483622074127,1.7311251949868165,302859.6669485784,8635023360,8.123127567442499,,,,,,,
train,16480,3.0735104084014893,8.616852809732153e-05,0.2582095265388489,1.7343894510122482,302289.6614679061,8640266240,8.127940711244445,,,,,,,
train,16490,3.078030586242676,8.597044738086287e-05,0.2695082724094391,1.7326513250009157,302592.90627889195,8645509120,8.132757171778891,,,,,,,
train,16500,3.0652379989624023,8.57730813110047e-05,0.2715296745300293,1.7323330219951458,302648.50542199565,8650752000,8.137569877858606,,,,,,,
validation,16500,,,,,,,,,3.050185203552246,,,,,
train,16510,3.132882833480835,8.55764304657383e-05,0.2873709797859192,1.7400141810066998,301312.48683080776,8655994880,8.143285297963335,,,,,,,
train,16520,3.051384925842285,8.538049542096059e-05,0.27916792035102844,1.7328318530053366,302561.3818736661,8661237760,8.148098518956944,,,,,,,
train,16530,3.0458261966705322,8.518527675047215e-05,0.25891149044036865,1.7431204660097137,300775.54031602904,8666480640,8.152913542650834,,,,,,,
train,16540,3.146064519882202,8.499077502597586e-05,0.2774851322174072,1.732374526996864,302641.2544340933,8671723520,8.157728018429722,,,,,,,
train,16550,3.077580213546753,8.47969908170747e-05,0.2750636041164398,1.7352704409859143,302136.1901964512,8676966400,8.1625443571875,,,,,,,
train,16560,3.1411170959472656,8.460392469127054e-05,0.37921807169914246,1.730092322017299,303040.47554449394,8682209280,8.167356253753331,,,,,,,
train,16570,3.0065665245056152,8.441157721396242e-05,0.27830880880355835,1.7393097520107403,301434.5198685245,8687452160,8.172171768923889,,,,,,,
train,16580,3.120335340499878,8.421994894844467e-05,0.26978781819343567,1.7309346190013457,302893.01181259257,8692695040,8.176983284332495,,,,,,,
train,16590,3.082408905029297,8.402904045590537e-05,0.26030194759368896,1.7333810249983799,302465.52398973564,8697937920,8.181794864363612,,,,,,,
train,16600,2.9726598262786865,8.383885229542477e-05,0.2644161283969879,1.7284083080012351,303335.73240358743,8703180800,8.186801922500551,,,,,,,
train,16610,3.0723226070404053,8.364938502397368e-05,0.2761964797973633,1.7298642649839167,303080.4269518074,8708423680,8.191607093413056,,,,,,,
train,16620,3.0385215282440186,8.346063919641173e-05,0.2558386027812958,1.7304113489808515,302984.60554410156,8713666560,8.196413298213335,,,,,,,
train,16630,3.0491607189178467,8.327261536548566e-05,0.275943398475647,1.7282246190006845,303367.97325752734,8718909440,8.201220549832772,,,,,,,
train,16640,3.05717134475708,8.308531408182791e-05,0.24146036803722382,1.7284062339749653,303336.0963957238,8724152320,8.206019843254996,,,,,,,
train,16650,3.100785970687866,8.289873589395504e-05,0.29945579171180725,1.7377815659856424,301699.5980749929,8729395200,8.210838920631666,,,,,,,
train,16660,3.051232099533081,8.271288134826592e-05,0.24612636864185333,1.7314893649891019,302795.968950869,8734638080,8.215875553399165,,,,,,,
train,16670,3.054445266723633,8.252775098904008e-05,0.28184428811073303,1.7294456300151069,303153.79153921147,8739880960,8.22068351281,,,,,,,
train,16680,3.0956599712371826,8.234334535843642e-05,0.27140480279922485,1.7300042439892422,303055.9039502912,8745123840,8.225491160004442,,,,,,,
train,16690,3.0688300132751465,8.215966499649146e-05,0.2659286856651306,1.7296601359848864,303116.1955417704,8750366720,8.230300607264443,,,,,,,
train,16700,2.9949843883514404,8.197671044111771e-05,0.27390891313552856,1.7319388919859193,302717.3778624647,8755609600,8.235109462956947,,,,,,,
train,16710,2.98388409614563,8.179448222810196e-05,0.2578117251396179,1.7299166950106155,303071.24124077125,8760852480,8.239916772925273,,,,,,,
train,16720,3.0814671516418457,8.161298089110418e-05,0.27725812792778015,1.7310437329870183,302873.9193638453,8766095360,8.244725457868052,,,,,,,
train,16730,3.071943521499634,8.143220696165555e-05,0.2567495107650757,1.7300172609975561,303053.62369487976,8771338240,8.249534865667496,,,,,,,
train,16740,3.076603412628174,8.125216096915698e-05,0.28212741017341614,1.730902256007539,302898.6750582388,8776581120,8.254343647653053,,,,,,,
train,16750,3.153841018676758,8.107284344087765e-05,0.33082184195518494,1.731308585993247,302827.58616322424,8781824000,8.259151881640275,,,,,,,
validation,16750,,,,,,,,,3.047579765319824,,,,,
train,16760,3.093984603881836,8.089425490195332e-05,0.27358195185661316,1.7305681320140138,302957.156266272,8787066880,8.264239027187779,,,,,,,
train,16770,3.075408458709717,8.071639587538504e-05,0.2501547038555145,1.7316090509993955,302775.04018439265,8792309760,8.26905332334389,,,,,,,
train,16780,3.038259983062744,8.053926688203735e-05,0.27047333121299744,1.7311995399941225,302846.660877567,8797552640,8.273865047856388,,,,,,,
train,16790,3.1216604709625244,8.03628684406369e-05,0.285416841506958,1.73136442998657,302817.8186634381,8802795520,8.278769068120278,,,,,,,
train,16800,3.0401604175567627,8.018720106777092e-05,0.2691970467567444,1.7320919939957093,302690.62025426043,8808038400,8.283584377772778,,,,,,,
train,16810,3.034933567047119,8.001226527788563e-05,0.26247328519821167,1.7318491690093651,302733.0609281049,8813281280,8.288397230818333,,,,,,,
train,16820,3.121286392211914,7.983806158328488e-05,0.2721160054206848,1.730856890004361,302906.6140752278,8818524160,8.293213287036108,,,,,,,
train,16830,3.0615499019622803,7.966459049412849e-05,0.2614125609397888,1.7082069049938582,306923.00708261394,8823767040,8.297978452864724,,,,,,,
train,16840,3.0042800903320312,7.949185251843084e-05,0.256274551153183,1.7088286420039367,306811.3367910135,8829009920,8.30272722187722,,,,,,,
train,16850,3.00156307220459,7.931984816205939e-05,0.2639303207397461,1.7084056699823122,306887.29802999785,8834252800,8.30747595063333,,,,,,,
train,16860,3.0966904163360596,7.914857792873316e-05,0.262896865606308,1.708486499992432,306872.77892001043,8839495680,8.312225439292217,,,,,,,
train,16870,3.0484442710876465,7.897804232002127e-05,0.2749382257461548,1.7085410679865163,306862.9779077325,8844738560,8.316974255084999,,,,,,,
train,16880,3.021385431289673,7.880824183534152e-05,0.26979586482048035,1.708781798981363,306819.74744378595,8849981440,8.32172322281861,,,,,,,
train,16890,3.112783193588257,7.863917697195875e-05,0.25529050827026367,1.725660791998962,303818.68929911655,8855224320,8.326476794469716,,,,,,,
train,16900,3.040257453918457,7.847084822498378e-05,0.29312407970428467,1.733435112022562,302456.0863938332,8860467200,8.331296905967497,,,,,,,
train,16910,3.079364538192749,7.830325608737137e-05,0.2799853980541229,1.7309822849929333,302884.67105955415,8865710080,8.336110784933885,,,,,,,
train,16920,2.9892311096191406,7.813640104991929e-05,0.28314700722694397,1.7336695640115067,302415.1838870952,8870952960,8.340927246994445,,,,,,,
train,16930,3.093731641769409,7.797028360126664e-05,0.28890058398246765,1.7310145850060508,302879.0193574061,8876195840,8.34573904309611,,,,,,,
train,16940,3.0457446575164795,7.78049042278926e-05,0.2648192346096039,1.7328804539865814,302552.89612959063,8881438720,8.350552977115827,,,,,,,
train,16950,2.9998791217803955,7.764026341411463e-05,0.2648177146911621,1.7290395600139163,303224.9880944194,8886681600,8.355365496961111,,,,,,,
train,16960,3.0176444053649902,7.747636164208752e-05,0.2872416377067566,1.7299222360015847,303070.27049481764,8891924480,8.360178405031943,,,,,,,
train,16970,3.0793979167938232,7.73131993918016e-05,0.2571218013763428,1.731529166980181,302789.00869707443,8897167360,8.364993018076389,,,,,,,
train,16980,3.075814723968506,7.715077714108172e-05,0.25051066279411316,1.7316020220168866,302776.2692199531,8902410240,8.369923376888611,,,,,,,
train,16990,3.0622329711914062,7.698909536558532e-05,0.27842962741851807,1.7328010899946094,302566.75334941706,8907653120,8.374739260972776,,,,,,,
train,17000,3.0858428478240967,7.68281545388015e-05,0.28051793575286865,1.7317076430190355,302757.80216917186,8912896000,8.379555605772216,,,,,,,
validation,17000,,,,,,,,,3.0442864894866943,,,,,
sample,17000,,,,,,,,,,,,,"Hello, I'm a language model,","Hello, I'm a language model, so I'm kind of stuck into a model for my own model. I've been, too, my first time, so I've really stuck it all in. So, when I get to working on that, it isn't really that hard. You just can't decide who"
train,17010,3.0901939868927,7.666795513204955e-05,0.25196683406829834,1.7310469420044683,302873.35789571365,8918138880,8.385278491553885,,,,,,,
train,17020,3.044420003890991,7.650849761447741e-05,0.25973930954933167,1.7322683600068558,302659.8026635579,8923381760,8.390082557228888,,,,,,,
train,17030,3.0807650089263916,7.634978245306031e-05,0.2918992042541504,1.7322018730046693,302671.4196368882,8928624640,8.394897809807501,,,,,,,
train,17040,3.027859687805176,7.619181011259951e-05,0.2818579375743866,1.7371028310153633,301817.4805998938,8933867520,8.3997130057125,,,,,,,
train,17050,3.062882900238037,7.6034581055721e-05,0.2639753818511963,1.731804151990218,302740.9302590478,8939110400,8.404525560535275,,,,,,,
train,17060,3.0184311866760254,7.587809574287406e-05,0.28951260447502136,1.7341501280025113,302331.3792352589,8944353280,8.40933880392361,,,,,,,
train,17070,3.1395182609558105,7.572235463232958e-05,0.28394219279289246,1.7336203419836238,302423.77024724166,8949596160,8.414154190660273,,,,,,,
train,17080,3.050098419189453,7.556735818017946e-05,0.2544397711753845,1.735791236977093,302045.5391358327,8954839040,8.41897110493528,,,,,,,
train,17090,3.029308319091797,7.541310684033457e-05,0.26270791888237,1.7328043820161838,302566.17852614785,8960081920,8.423788301113891,,,,,,,
train,17100,3.094259262084961,7.525960106452383e-05,0.3030957877635956,1.731920434976928,302720.60390983516,8965324800,8.428603793790002,,,,,,,
train,17110,3.027982234954834,7.51068413022927e-05,0.27056899666786194,1.7303842170222197,302989.3562611405,8970567680,8.433414315419723,,,,,,,
train,17120,3.085489273071289,7.495482800100191e-05,0.2813774347305298,1.7303955699899234,302987.368375575,8975810560,8.438222726964717,,,,,,,
train,17130,3.0445642471313477,7.480356160582621e-05,0.2829112112522125,1.7232323620119132,304246.839577619,8981053440,8.443029624222222,,,,,,,
train,17140,3.105659008026123,7.465304255975297e-05,0.2937163710594177,1.744834990997333,300479.9896294614,8986296320,8.44785928747,,,,,,,
train,17150,3.1064600944519043,7.450327130358097e-05,0.28734755516052246,1.7566073950147256,298466.23752577615,8991539200,8.45271581267389,,,,,,,
train,17160,3.0233421325683594,7.435424827591904e-05,0.27305102348327637,1.7392248010146432,301449.2431881931,8996782080,8.457562340546662,,,,,,,
train,17170,3.120365619659424,7.420597391318485e-05,0.27515557408332825,1.758434749004664,298156.0733469158,9002024960,8.462548167431668,,,,,,,
train,17180,3.041327953338623,7.40584486496035e-05,0.28827568888664246,1.7429345599957742,300807.62183135044,9007267840,8.467410720499723,,,,,,,
train,17190,3.055154323577881,7.39116729172064e-05,0.27743709087371826,1.7565192340116482,298481.217767595,9012510720,8.472264796047222,,,,,,,
train,17200,3.0423502922058105,7.376564714582996e-05,0.27829912304878235,1.7423362949921284,300910.909970092,9017753600,8.477109086354442,,,,,,,
train,17210,3.0893607139587402,7.362037176311423e-05,0.24578745663166046,1.7541745810012799,298880.17172198294,9022996480,8.481954806236107,,,,,,,
train,17220,3.0750374794006348,7.347584719450175e-05,0.2582269608974457,1.7411412360088434,301117.4447868496,9028239360,8.486811961391941,,,,,,,
train,17230,3.039625406265259,7.33320738632364e-05,0.28901320695877075,1.7554972319921944,298654.9852915582,9033482240,8.491659179955557,,,,,,,
train,17240,3.0957987308502197,7.318905219036189e-05,0.2968951165676117,1.7403805750072934,301249.05295372126,9038725120,8.496502637241663,,,,,,,
train,17250,3.1007184982299805,7.304678259472072e-05,0.2561817467212677,1.7578270170197356,298259.1545833054,9043968000,8.501349942519447,,,,,,,
validation,17250,,,,,,,,,3.043705701828003,,,,,
train,17260,3.0616133213043213,7.29052654929529e-05,0.2687418758869171,1.735836534993723,302037.65702044975,9049210880,8.506430338677497,,,,,,,
train,17270,2.9932916164398193,7.276450129949494e-05,0.2592315673828125,1.7415306309994776,301050.1168728265,9054453760,8.511271674228054,,,,,,,
train,17280,3.0667810440063477,7.26244904265781e-05,0.2805686891078949,1.7346013579808641,302252.73235706985,9059696640,8.516108217274168,,,,,,,
train,17290,3.052403450012207,7.248523328422777e-05,0.26039889454841614,1.736791201023152,301871.6352841605,9064939520,8.52094655106972,,,,,,,
train,17300,3.0299808979034424,7.234673028026187e-05,0.27170616388320923,1.736785027984297,301872.70822370326,9070182400,8.525783723574996,,,,,,,
train,17310,3.0832133293151855,7.220898182029005e-05,0.27177751064300537,1.7351287880155724,302160.85608239856,9075425280,8.530624154044999,,,,,,,
train,17320,3.0150561332702637,7.207198830771194e-05,0.2739139199256897,1.7362007629999425,301974.29420206824,9080668160,8.535460008238612,,,,,,,
train,17330,3.029770612716675,7.193575014371645e-05,0.2875826954841614,1.7353579459886532,302120.9550524789,9085911040,8.540299931653054,,,,,,,
train,17340,3.024583578109741,7.180026772728051e-05,0.25553658604621887,1.7382283989863936,301622.04248056584,9091153920,8.545133726688057,,,,,,,
train,17350,3.0903866291046143,7.166554145516772e-05,0.2996808588504791,1.7332103360095061,302495.31121947133,9096396800,8.549972413249998,,,,,,,
train,17360,3.04777193069458,7.153157172192725e-05,0.27941009402275085,1.7456951210042462,300331.9386597087,9101639680,8.554936618505833,,,,,,,
train,17370,3.03706955909729,7.13983589198928e-05,0.27607211470603943,1.736607944010757,301903.4905421073,9106882560,8.5597745443625,,,,,,,
train,17380,3.1783103942871094,7.126590343918143e-05,0.30662184953689575,1.8104570879950188,289588.7472155554,9112125440,8.56464868087083,,,,,,,
train,17390,3.114053249359131,7.113420566769227e-05,0.27036112546920776,1.7832788180094212,294002.2584831881,9117368320,8.569550987222497,,,,,,,
train,17400,3.065882682800293,7.100326599110545e-05,0.2724996507167816,1.7827940840215888,294082.19642356137,9122611200,8.574502480193058,,,,,,,
train,17410,3.0119705200195312,7.087308479288116e-05,0.25633588433265686,1.7905293119838461,292811.7381217884,9127854080,8.579458391853057,,,,,,,
train,17420,3.095950126647949,7.07436624542582e-05,0.26719531416893005,1.7865490179974586,293464.1001833098,9133096960,8.584422104009718,,,,,,,
train,17430,3.0806117057800293,7.061499935425318e-05,0.2518008351325989,1.7820780430047307,294200.3589898943,9138339840,8.589371050555556,,,,,,,
train,17440,3.0244879722595215,7.048709586965904e-05,0.28530728816986084,1.7882165999908466,293190.4334199133,9143582720,8.594322633642223,,,,,,,
train,17450,3.021409034729004,7.035995237504445e-05,0.2661605477333069,1.7859860839962494,293556.5986196682,9148825600,8.599255418677776,,,,,,,
train,17460,3.076441764831543,7.023356924275221e-05,0.2617970407009125,1.7820146040176041,294210.8324016971,9154068480,8.60421127849805,,,,,,,
train,17470,3.0724003314971924,7.010794684289852e-05,0.264957994222641,1.777199008007301,295008.04222699977,9159311360,8.60916159046944,,,,,,,
train,17480,3.0070862770080566,6.99830855433716e-05,0.27703627943992615,1.7789712230151054,294714.15457266686,9164554240,8.614111646368329,,,,,,,
train,17490,3.105088472366333,6.985898570983097e-05,0.28854483366012573,1.7803623680083547,294483.8699250352,9169797120,8.619064082237495,,,,,,,
train,17500,3.0800507068634033,6.9735647705706e-05,0.2723228633403778,1.7591612830001395,298032.93482326966,9175040000,8.62403584649083,,,,,,,
validation,17500,,,,,,,,,3.0414466857910156,,,,,
train,17510,3.0757858753204346,6.961307189219513e-05,0.2672361433506012,1.735360505990684,302120.5093639572,9180282880,8.62996993329528,,,,,,,
train,17520,2.98752760887146,6.949125862826467e-05,0.28012707829475403,1.7437474519829266,300667.39274875994,9185525760,8.63479642418944,,,,,,,
train,17530,3.1612699031829834,6.937020827064777e-05,0.27915841341018677,1.7342637899855617,302311.5647270505,9190768640,8.639621799920828,,,,,,,
train,17540,3.079261302947998,6.924992117384341e-05,0.28073328733444214,1.7379592089855578,301668.7602846706,9196011520,8.644449775195277,,,,,,,
train,17550,3.0237364768981934,6.913039769011535e-05,0.2733886241912842,1.7343857510131784,302290.30634835764,9201254400,8.649418522709166,,,,,,,
train,17560,3.1201388835906982,6.901163816949105e-05,0.27142027020454407,1.735087477019988,302168.05028208974,9206497280,8.654245352806942,,,,,,,
train,17570,3.070897340774536,6.889364295976074e-05,0.27551573514938354,1.7412854229914956,301092.51078394894,9211740160,8.659072423054717,,,,,,,
train,17580,2.999799966812134,6.877641240647633e-05,0.28438258171081543,1.7335355700051878,302438.559134054,9216983040,8.663901452834446,,,,,,,
train,17590,3.0643773078918457,6.865994685295036e-05,0.2776571810245514,1.7440925579867326,300607.8992764031,9222225920,8.668727425231943,,,,,,,
train,17600,3.141692638397217,6.854424664025516e-05,0.29018375277519226,1.733333609008696,302473.7980473612,9227468800,8.673554476003613,,,,,,,
train,17610,3.0710113048553467,6.84293121072216e-05,0.2644909918308258,1.745170644018799,300422.1975638231,9232711680,8.678383189535557,,,,,,,
train,17620,2.991943120956421,6.831514359043835e-05,0.2442726194858551,1.7341240540263243,302335.92503529234,9237954560,8.683207097933053,,,,,,,
train,17630,3.1402199268341064,6.820174142425074e-05,0.2645101547241211,1.7414667010016274,301061.1685531793,9243197440,8.688040066844163,,,,,,,
train,17640,3.023345470428467,6.808910594075985e-05,0.2869458496570587,1.7375221729744226,301744.6385173226,9248440320,8.692867975610278,,,,,,,
train,17650,3.0466816425323486,6.797723746982145e-05,0.25322425365448,1.7401692050043494,301285.6442306078,9253683200,8.697704209188055,,,,,,,
train,17660,3.024951934814453,6.786613633904512e-05,0.2527827024459839,1.7351561530085746,302156.0907304745,9258926080,8.702527078569167,,,,,,,
train,17670,3.0732600688934326,6.775580287379337e-05,0.2984956204891205,1.7346814560005441,302238.7759933692,9264168960,8.707351983515554,,,,,,,
train,17680,3.0264153480529785,6.76462373971804e-05,0.2735516428947449,1.734809947985923,302216.39010583673,9269411840,8.712174850386388,,,,,,,
train,17690,2.965524911880493,6.753744023007147e-05,0.2756534814834595,1.7344746220041998,302274.81760106754,9274654720,8.716999555206947,,,,,,,
train,17700,3.140315294265747,6.742941169108172e-05,0.2657549977302551,1.7420846490131225,300954.3768708398,9279897600,8.721824389199165,,,,,,,
train,17710,3.0293519496917725,6.73221520965755e-05,0.26495033502578735,1.7326537309854757,302592.48609461193,9285140480,8.726646657994724,,,,,,,
train,17720,3.0282928943634033,6.721566176066519e-05,0.24604231119155884,1.7447064080042765,300502.134682774,9290383360,8.731472388707221,,,,,,,
train,17730,2.9614195823669434,6.710994099521026e-05,0.27806952595710754,1.7326499840128236,302593.1404713069,9295626240,8.736293217839718,,,,,,,
train,17740,3.109604835510254,6.700499010981671e-05,0.3580825924873352,1.7337752809980884,302396.744114486,9300869120,8.741231432384723,,,,,,,
train,17750,3.075619697570801,6.690080941183583e-05,0.34504014253616333,1.7338068980025128,302391.2297292291,9306112000,8.746042799933331,,,,,,,
validation,17750,,,,,,,,,3.0409812927246094,,,,,
train,17760,2.961418390274048,6.679739920636326e-05,0.26425307989120483,1.7128482490079477,306091.3308015807,9311354880,8.75111600464889,,,,,,,
train,17770,3.135000467300415,6.669475979623844e-05,0.28910836577415466,1.7404841069946997,301231.13327664335,9316597760,8.755931922651111,,,,,,,
train,17780,3.09584903717041,6.659289148204342e-05,0.26890829205513,1.7300939480192028,303040.1907366136,9321840640,8.76074371902083,,,,,,,
train,17790,3.048919439315796,6.649179456210209e-05,0.25427135825157166,1.7294551960076205,303152.1147297127,9327083520,8.765552773485,,,,,,,
train,17800,2.98669171333313,6.639146933247923e-05,0.2516798675060272,1.7294711860013194,303149.31190741446,9332326400,8.770356695535552,,,,,,,
train,17810,3.1338069438934326,6.629191608697987e-05,0.288054883480072,1.7301721300173085,303026.49713514635,9337569280,8.775174380811942,,,,,,,
train,17820,3.084275722503662,6.619313511714807e-05,0.28097328543663025,1.7314069129934069,302810.38851437025,9342812160,8.779990899864723,,,,,,,
train,17830,2.9634785652160645,6.609512671226642e-05,0.2662063539028168,1.7319805109873414,302710.1036495623,9348055040,8.784813329050829,,,,,,,
train,17840,3.065786838531494,6.599789115935487e-05,0.264248788356781,1.730651036981726,302942.6434310893,9353297920,8.789629908502773,,,,,,,
train,17850,3.062800407409668,6.59014287431702e-05,0.27553749084472656,1.731429626001045,302806.41622779047,9358540800,8.794457518445835,,,,,,,
train,17860,3.0864009857177734,6.580573974620506e-05,0.3309705853462219,1.730108208983438,303037.6928319741,9363783680,8.799273273243056,,,,,,,
train,17870,3.001112222671509,6.571082444868695e-05,0.2737554907798767,1.7315813710156363,302779.88015803485,9369026560,8.804092491183054,,,,,,,
train,17880,3.070784568786621,6.561668312857773e-05,0.29378074407577515,1.736074490007013,301996.2582353722,9374269440,8.808910710851665,,,,,,,
train,17890,3.057809352874756,6.552331606157256e-05,0.28207120299339294,1.7320037470199168,302706.04258338886,9379512320,8.8137298591775,,,,,,,
train,17900,3.035639524459839,6.543072352109925e-05,0.28506436944007874,1.7393814210081473,301422.0996428271,9384755200,8.818549403515272,,,,,,,
train,17910,3.130617618560791,6.533890577831729e-05,0.291227251291275,1.7325430939963553,302611.8090896404,9389998080,8.823368080541663,,,,,,,
train,17920,3.081869125366211,6.52478631021173e-05,0.2820678651332855,1.7423771760077216,300903.849763053,9395240960,8.828188087871668,,,,,,,
train,17930,3.042536497116089,6.515759575911995e-05,0.26284584403038025,1.7316199920023791,302773.1271419045,9400483840,8.833163376078891,,,,,,,
train,17940,2.9625120162963867,6.506810401367541e-05,0.23617081344127655,1.7404864370182622,301230.73001257685,9405726720,8.837988245400831,,,,,,,
train,17950,3.1044445037841797,6.497938812786252e-05,0.27384793758392334,1.7313416929973755,302821.7954436997,9410969600,8.842807169306665,,,,,,,
train,17960,3.059317111968994,6.489144836148791e-05,0.26829075813293457,1.7330203659948893,302528.4701135163,9416212480,8.847627299380273,,,,,,,
train,17970,3.0136735439300537,6.480428497208536e-05,0.2537389099597931,1.7323924800148234,302638.1181217745,9421455360,8.852445175176108,,,,,,,
train,17980,3.052208185195923,6.471789821491503e-05,0.2780669927597046,1.7337871529744007,302394.6734756669,9426698240,8.857265136997222,,,,,,,
train,17990,3.1375434398651123,6.463228834296272e-05,0.3110213577747345,1.7364017519867048,301939.3405933481,9431941120,8.86208999296833,,,,,,,
train,18000,3.074869155883789,6.454745560693901e-05,0.2608170211315155,1.7578012779995333,298263.5219133907,9437184000,8.866914729861666,,,,,,,
validation,18000,,,,,,,,,3.0391035079956055,,,,,
sample,18000,,,,,,,,,,,,,"Hello, I'm a language model,","Hello, I'm a language model, I want a machine to understand what to do. I wrote a program that I've never seen before. I'd recommend reading the book and watching.
I'm very grateful to have such a wonderful and very helpful program for me. This computer is the most powerful computer I've"
train,18010,2.9740703105926514,6.446340025527869e-05,0.25562480092048645,1.7433095260057598,300742.92154029553,9442426880,8.872680686798606,,,,,,,
train,18020,3.09324312210083,6.438012253413997e-05,0.26264819502830505,1.7336550370091572,302417.71794721275,9447669760,8.877502337026947,,,,,,,
train,18030,3.07954740524292,6.429762268740369e-05,0.2727658152580261,1.7423788610030897,300903.55876916845,9452912640,8.882329031176107,,,,,,,
train,18040,3.043196439743042,6.421590095667269e-05,0.27227020263671875,1.7344833410170395,302273.298106499,9458155520,8.88715199530916,,,,,,,
train,18050,3.067223310470581,6.413495758127112e-05,0.28495529294013977,1.7445230250013992,300533.7232505598,9463398400,8.891978709545276,,,,,,,
train,18060,3.0806167125701904,6.405479279824362e-05,0.26988399028778076,1.7321146009780932,302686.66963718465,9468641280,8.896799070975273,,,,,,,
train,18070,3.0543484687805176,6.397540684235485e-05,0.27006787061691284,1.743841427989537,300651.1897153677,9473884160,8.901621623055277,,,,,,,
train,18080,3.0076003074645996,6.389679994608841e-05,0.28168484568595886,1.733360760990763,302469.0599897536,9479127040,8.906440543611946,,,,,,,
train,18090,3.0317962169647217,6.381897233964666e-05,0.34858548641204834,1.744084122008644,300609.35328978446,9484369920,8.911262018553607,,,,,,,
train,18100,3.0612740516662598,6.374192425094958e-05,0.28214889764785767,1.7330694909906015,302519.8947448572,9489612800,8.916080918077496,,,,,,,
train,18110,3.022660255432129,6.366565590563451e-05,0.2608962953090668,1.7429742959793657,300800.7640786269,9494855680,8.92090407858555,,,,,,,
train,18120,2.9378364086151123,6.359016752705513e-05,0.256370484828949,1.731507173011778,302792.8547867666,9500098560,8.925822036327776,,,,,,,
train,18130,3.102921485900879,6.3515459336281e-05,0.2785132825374603,1.7442355109960772,300583.2622342357,9505341440,8.930643362055829,,,,,,,
train,18140,3.042623996734619,6.344153155209698e-05,0.2798294126987457,1.7329497540195007,302540.7971488712,9510584320,8.935462591773055,,,,,,,
train,18150,2.9777655601501465,6.336838439100243e-05,0.2632976770401001,1.738123718998395,301640.20792612183,9515827200,8.940284302499446,,,,,,,
train,18160,3.0909197330474854,6.329601806721053e-05,0.26485833525657654,1.7338151059811935,302389.798192061,9521070080,8.945103586409443,,,,,,,
train,18170,3.005122661590576,6.322443279264794e-05,0.2674301862716675,1.734478628000943,302274.1194593232,9526312960,8.949926978786946,,,,,,,
train,18180,2.991931915283203,6.315362877695388e-05,0.2710985839366913,1.7330360019986983,302525.7406051244,9531555840,8.954745127639997,,,,,,,
train,18190,2.9167470932006836,6.308360622747968e-05,0.27726125717163086,1.7325781270046718,302605.6902302024,9536798720,8.959567857001383,,,,,,,
train,18200,3.0055203437805176,6.30143653492881e-05,0.2644801139831543,1.7329929730040021,302533.2521061464,9542041600,8.964387534991385,,,,,,,
train,18210,3.076625108718872,6.294590634515279e-05,0.295200914144516,1.7358369300200138,302037.5882854129,9547284480,8.969210055081389,,,,,,,
train,18220,3.0043985843658447,6.287822941555763e-05,0.2609676718711853,1.7329324570018798,302543.81691659393,9552527360,8.974029265250275,,,,,,,
train,18230,3.213280200958252,6.281133475869618e-05,0.39308565855026245,1.7354834050056525,302099.1145681928,9557770240,8.978851706153607,,,,,,,
train,18240,3.0983688831329346,6.274522257047111e-05,0.28874582052230835,1.7446379739849363,300513.9219814591,9563013120,8.98367729345833,,,,,,,
train,18250,3.0601532459259033,6.267989304449361e-05,0.26877865195274353,1.7324776299938094,302623.243684753,9568256000,8.988497149426387,,,,,,,
validation,18250,,,,,,,,,3.038524866104126,,,,,
train,18260,3.0097146034240723,6.261534637208281e-05,0.26320743560791016,1.7384339119889773,301586.3855302682,9573498880,8.993577034754441,,,,,,,
train,18270,3.1038501262664795,6.255158274226523e-05,0.28765079379081726,1.7320516020117793,302697.67909399414,9578741760,8.99839573675583,,,,,,,
train,18280,3.064683198928833,6.248860234177427e-05,0.2612210214138031,1.7305651229980867,302957.6830322956,9583984640,9.003218311758886,,,,,,,
train,18290,3.055255174636841,6.242640535504958e-05,0.2665672302246094,1.7321241990139242,302684.99239169474,9589227520,9.008037482971105,,,,,,,
train,18300,3.0764594078063965,6.23649919642366e-05,0.2780207097530365,1.731847791990731,302733.3016357861,9594470400,9.012858602925553,,,,,,,
train,18310,3.059000015258789,6.230436234918594e-05,0.3349708020687103,2.1971004649822135,238627.23091465203,9599713280,9.017806210063055,,,,,,,
train,18320,3.0653417110443115,6.224451668745292e-05,0.2887400686740875,1.7293816849996801,303165.00084832165,9604956160,9.022625141515277,,,,,,,
train,18330,3.102010726928711,6.218545515429705e-05,0.2996559143066406,1.7339914710028097,302359.04199505167,9610199040,9.027442140260279,,,,,,,
train,18340,3.098968505859375,6.212717792268156e-05,0.26385244727134705,1.7317867530218791,302743.97184592404,9615441920,9.032264607209719,,,,,,,
train,18350,3.057149887084961,6.206968516327271e-05,0.28721073269844055,1.7420984609925654,300951.9907969412,9620684800,9.037087783418052,,,,,,,
train,18360,3.0141680240631104,6.201297704443947e-05,0.28956130146980286,1.733322042011423,302475.8165491239,9625927680,9.041905786544998,,,,,,,
train,18370,3.042128086090088,6.1957053732253e-05,0.2915567457675934,1.740421010996215,301242.0538981531,9631170560,9.046724507897775,,,,,,,
train,18380,3.1426117420196533,6.19019153904861e-05,0.30086541175842285,1.7313085890200455,302827.58563379926,9636413440,9.051542965377779,,,,,,,
train,18390,3.0550243854522705,6.184756218061275e-05,0.2691723108291626,1.7431067609868478,300777.90513713454,9641656320,9.056365591248056,,,,,,,
train,18400,3.006067991256714,6.179399426180771e-05,0.2541750371456146,1.7325270769943018,302614.60669900075,9646899200,9.061184244086391,,,,,,,
train,18410,3.0609920024871826,6.174121179094592e-05,0.28344210982322693,1.7398623379995115,301338.78327570716,9652142080,9.066004755228052,,,,,,,
train,18420,3.0080959796905518,6.16892149226022e-05,0.2866811156272888,1.7316381919954438,302769.94491316896,9657384960,9.070822613308613,,,,,,,
train,18430,3.0349795818328857,6.163800380905062e-05,0.25660115480422974,1.7404347370029427,301239.67814089515,9662627840,9.075640991612778,,,,,,,
train,18440,3.1324007511138916,6.158757860026424e-05,0.2929724454879761,1.7321470149909146,302681.00540112064,9667870720,9.080458790108331,,,,,,,
train,18450,3.06640887260437,6.153793944391451e-05,0.27840664982795715,1.7403935180045664,301246.8126180555,9673113600,9.085279819607223,,,,,,,
train,18460,3.103283405303955,6.148908648537093e-05,0.2619509994983673,1.731942867016187,302716.6830873873,9678356480,9.090099282776388,,,,,,,
train,18470,2.9264421463012695,6.144101986770062e-05,0.2507152557373047,1.7329634420166258,302538.40749802155,9683599360,9.094920079295836,,,,,,,
train,18480,3.1681251525878906,6.139373973166787e-05,0.32310155034065247,1.731243190006353,302839.02517362457,9688842240,9.099732480398055,,,,,,,
train,18490,3.082512378692627,6.13472462157337e-05,0.2828826606273651,1.7315576679829974,302784.02486630215,9694085120,9.104541046232779,,,,,,,
train,18500,3.0629806518554688,6.130153945605552e-05,0.26964807510375977,2.3088994190038648,227072.68912830992,9699328000,9.109513193224444,,,,,,,
validation,18500,,,,,,,,,3.038666009902954,,,,,
train,18510,2.9959380626678467,6.125661958648674e-05,0.26059678196907043,1.7319680890068412,302712.27473979694,9704570880,9.115219635118054,,,,,,,
train,18520,3.084479808807373,6.121248673857633e-05,0.3072074055671692,1.730394954996882,302987.4760591548,9709813760,9.120027208929718,,,,,,,
train,18530,3.0172581672668457,6.116914104156837e-05,0.3081655204296112,1.7321087199961767,302687.6973410522,9715056640,9.124834773947498,,,,,,,
train,18540,3.023422956466675,6.112658262240183e-05,0.27708786725997925,1.738117885979591,301641.22021246847,9720299520,9.129661387247777,,,,,,,
train,18550,3.0855112075805664,6.108481160571014e-05,0.27937161922454834,1.732506316009676,302618.2329929652,9725542400,9.134477180700276,,,,,,,
train,18560,3.060823678970337,6.104382811382074e-05,0.26970425248146057,1.729758090019459,303099.03045118984,9730785280,9.139307348393608,,,,,,,
train,18570,3.0077803134918213,6.100363226675475e-05,0.25112393498420715,1.7598568680114113,297915.1370374971,9736028160,9.14423146982944,,,,,,,
train,18580,2.9530842304229736,6.096422418222675e-05,0.25873708724975586,1.7589503469935153,298068.67538707895,9741271040,9.149097987471388,,,,,,,
train,18590,3.07778000831604,6.0925603975644316e-05,0.270791232585907,1.8899805959954392,277403.90621516475,9746513920,9.154055421700274,,,,,,,
train,18600,3.0491414070129395,6.0887771760107645e-05,0.2678622901439667,1.7465996480023023,300176.40310397506,9751756800,9.15892110654722,,,,,,,
train,18610,3.006021499633789,6.085072764640933e-05,0.26255056262016296,1.7526014460017905,299148.4465541542,9756999680,9.16379262388333,,,,,,,
train,18620,3.208890199661255,6.0814471743033963e-05,0.3588930666446686,1.7585679679759778,298133.4867616341,9762242560,9.168670208511669,,,,,,,
train,18630,3.0284693241119385,6.0779004156157876e-05,0.2790626585483551,1.7629187109996565,297397.7170522539,9767485440,9.173555500984998,,,,,,,
train,18640,3.039452314376831,6.0744324989648765e-05,0.26084524393081665,1.755858396005351,298593.5546925517,9772728320,9.178438795655829,,,,,,,
train,18650,2.9043996334075928,6.071043434506544e-05,0.2592097222805023,1.834939399996074,285724.9672665603,9777971200,9.183342468456662,,,,,,,
train,18660,3.0587716102600098,6.06773323216575e-05,0.25937217473983765,1.762013745988952,297550.45963375096,9783214080,9.188213523707219,,,,,,,
train,18670,3.024073839187622,6.0645019016365e-05,0.25190839171409607,1.7608115010079928,297753.6208162353,9788456960,9.193149349239999,,,,,,,
train,18680,2.948827028274536,6.0613494523818316e-05,0.27376919984817505,1.7550475370080676,298731.50951442856,9793699840,9.198024926767498,,,,,,,
train,18690,2.957566261291504,6.058275893633768e-05,0.30287978053092957,1.7595771749911364,297962.4920416696,9798942720,9.202929464206107,,,,,,,
train,18700,3.0226175785064697,6.055281234393303e-05,0.27492278814315796,1.757565453008283,298303.54204027995,9804185600,9.207905374255828,,,,,,,
train,18710,3.0734617710113525,6.052365483430368e-05,0.27973103523254395,1.7564848059846554,298487.0681566147,9809428480,9.212806516719445,,,,,,,
train,18720,2.9657795429229736,6.049528649283813e-05,0.2583533525466919,1.7550439090118743,298732.1270470007,9814671360,9.217675371086662,,,,,,,
train,18730,3.0636603832244873,6.046770740261378e-05,0.2631707787513733,1.7549031550006475,298756.0871983312,9819914240,9.222575950015274,,,,,,,
train,18740,3.005875587463379,6.0440917644396706e-05,0.2745533883571625,1.7567467949993443,298442.5538685532,9825157120,9.227455062426944,,,,,,,
train,18750,2.9582605361938477,6.041491729664132e-05,0.26333335041999817,1.7384393999818712,301585.43346720474,9830400000,9.232211181866942,,,,,,,
validation,18750,,,,,,,,,3.03759503364563,,,,,
train,18760,3.098184585571289,6.038970643549035e-05,0.2983585596084595,1.7679518410004675,296551.0642548443,9835642880,9.237375796839721,,,,,,,
train,18770,3.0224201679229736,6.036528513477437e-05,0.2702150046825409,1.7522508300025947,299208.30455490417,9840885760,9.242333666234723,,,,,,,
train,18780,3.049384832382202,6.034165346601179e-05,0.2540533244609833,1.7575321379990783,298309.19655153126,9846128640,9.247218609995276,,,,,,,
train,18790,3.013106346130371,6.031881149840856e-05,0.26523035764694214,1.765883619984379,296898.38790431607,9851371520,9.252169561468051,,,,,,,
train,18800,3.2269930839538574,6.029675929885793e-05,0.31133902072906494,1.761282747000223,297673.9543341099,9856614400,9.257251369134998,,,,,,,
train,18810,3.1313400268554688,6.027549693194028e-05,0.36314770579338074,1.7617401110182982,297596.6754239125,9861857280,9.26217706049305,,,,,,,
train,18820,3.018423557281494,6.025502445992306e-05,0.2749941051006317,1.7148032819968648,305742.3586158955,9867100160,9.266959452618055,,,,,,,
train,18830,2.9831438064575195,6.0235341942760316e-05,0.2769615650177002,1.715867321996484,305552.7623137952,9872343040,9.271744119949169,,,,,,,
train,18840,2.9899098873138428,6.021644943809286e-05,0.26942744851112366,1.7179857139999513,305175.9951945764,9877585920,9.276515963628052,,,,,,,
train,18850,3.098658800125122,6.019834700124785e-05,0.2789419889450073,1.7580277250090148,298225.10335968196,9882828800,9.28141803051139,,,,,,,
train,18860,3.1073122024536133,6.018103468523871e-05,0.28302615880966187,1.7667318290041294,296755.84680869785,9888071680,9.286341311828608,,,,,,,
train,18870,3.035785675048828,6.0164512540764945e-05,0.2649139165878296,1.7605809250089806,297792.6163759417,9893314560,9.291235205921387,,,,,,,
train,18880,2.959106683731079,6.014878061621214e-05,0.25288209319114685,1.7616932280070614,297604.59520702576,9898557440,9.296160425271664,,,,,,,
train,18890,3.1208889484405518,6.013383895765158e-05,0.31346607208251953,1.761821359017631,297582.95148171904,9903800320,9.301059225733884,,,,,,,
train,18900,3.0727343559265137,6.011968760884032e-05,0.2713358998298645,1.7128281540062744,306094.9218832606,9909043200,9.305966412233053,,,,,,,
train,18910,3.0692458152770996,6.010632661122089e-05,0.2791613042354584,1.7555337540106848,298648.7720912309,9914286080,9.31083221135222,,,,,,,
train,18920,2.9929494857788086,6.009375600392132e-05,0.2671363353729248,1.7556198819947895,298634.12084641453,9919528960,9.315735777514718,,,,,,,
train,18930,3.0089666843414307,6.0081975823754954e-05,0.29614242911338806,1.7558607179962564,298593.1598255152,9924771840,9.320623508088053,,,,,,,
train,18940,3.0556654930114746,6.007098610522033e-05,0.2719641625881195,1.7573835279908963,298334.42253745534,9930014720,9.325533706390278,,,,,,,
train,18950,3.0102038383483887,6.0060786880501145e-05,0.2806379497051239,1.730278756993357,303007.823381613,9935257600,9.330382151045836,,,,,,,
train,18960,3.0466561317443848,6.005137817946604e-05,0.2656939625740051,1.7333316279982682,302474.1437421713,9940500480,9.335197227401666,,,,,,,
train,18970,2.9573616981506348,6.004276002966865e-05,0.2507896423339844,1.7342166150046978,302319.7883492656,9945743360,9.340009913880277,,,,,,,
train,18980,3.0448806285858154,6.003493245634743e-05,0.27504125237464905,1.7305508410208859,302960.18329673127,9950986240,9.344823197944724,,,,,,,
train,18990,3.072274923324585,6.002789548242562e-05,0.2855416536331177,1.7294587719952688,303151.48790458374,9956229120,9.349842628510556,,,,,,,
train,19000,3.1000800132751465,6.002164912851119e-05,0.28543946146965027,1.739042419998441,301480.8574942468,9961472000,9.354736374009445,,,,,,,
validation,19000,,,,,,,,,3.0302541255950928,,,,,
sample,19000,,,,,,,,,,,,,"Hello, I'm a language model,","Hello, I'm a language model, a language model is someone who can solve a problem on a computer and not think about it. I am one of the people who has taught languages that I have worked with, I am one of the people who has taught this language to other people.""
The language model is an"
train,19010,3.012589693069458,6.0016193412896744e-05,0.27771350741386414,1.7492018179909792,299729.8508425766,9966714880,9.360845989669162,,,,,,,
train,19020,2.988665819168091,6.0011528351559435e-05,0.2625870704650879,1.7583763230068143,298165.9802512981,9971957760,9.36573374168278,,,,,,,
train,19030,3.112877607345581,6.000765395816108e-05,0.29570263624191284,1.757276855991222,298352.53233575786,9977200640,9.370614529657775,,,,,,,
train,19040,3.0526745319366455,6.00045702440479e-05,0.2839539349079132,1.7582340969820507,298190.0993160823,9982443520,9.375498233459163,,,,,,,
train,19050,3.016172170639038,6.000227721825062e-05,0.2617150545120239,1.7591219609894324,298039.5968140321,9987686400,9.38038046149778,,,,,,,
train,19060,3.077660083770752,6.000077488748444e-05,0.27232420444488525,1.7583458040026017,298171.15541581163,9992929280,9.385263399483051,,,,,,,
train,19070,3.0001206398010254,6.000006325614897e-05,0.2719506621360779,1.7611710930068512,297692.8261438143,9998172160,9.390152831277778,,,,,,,
validation,19073,,,,,,,,,3.0308315753936768,,,,,
hellaswag,19073,,,,,,,,,,0.30033857797251545,3016,10042,,
